Venue,Bat First,Bat Second,Winner
The Rose Bowl,England,Australia,England
Eden Park,Australia,New Zealand,Australia
New Wanderers Stadium,South Africa,New Zealand,New Zealand
County Ground,England,Pakistan,Pakistan
The Rose Bowl,Sri Lanka,England,Sri Lanka
Brisbane Cricket Ground,Australia,South Africa,Australia
New Wanderers Stadium,South Africa,Australia,South Africa
Sydney Cricket Ground,Australia,England,Australia
Westpac Stadium,New Zealand,Sri Lanka,Sri Lanka
Eden Park,Sri Lanka,New Zealand,New Zealand
New Wanderers Stadium,South Africa,India,India
Kennington Oval,West Indies,England,West Indies
Kennington Oval,West Indies,England,England
New Wanderers Stadium,West Indies,South Africa,South Africa
Kingsmead,Kenya,New Zealand,New Zealand
Kingsmead,Pakistan,Scotland,Pakistan
Newlands,Australia,Zimbabwe,Zimbabwe
New Wanderers Stadium,West Indies,Bangladesh,Bangladesh
Newlands,England,Zimbabwe,England
New Wanderers Stadium,Sri Lanka,Kenya,Sri Lanka
Newlands,England,Australia,Australia
New Wanderers Stadium,New Zealand,Sri Lanka,Sri Lanka
Newlands,Bangladesh,South Africa,South Africa
New Wanderers Stadium,New Zealand,India,New Zealand
Newlands,Bangladesh,Australia,Australia
Newlands,South Africa,England,South Africa
New Wanderers Stadium,Pakistan,Sri Lanka,Pakistan
Kingsmead,New Zealand,England,New Zealand
New Wanderers Stadium,Australia,Pakistan,Pakistan
New Wanderers Stadium,Sri Lanka,Bangladesh,Sri Lanka
Kingsmead,New Zealand,South Africa,South Africa
Kingsmead,India,England,India
Newlands,Sri Lanka,Australia,Australia
Newlands,Bangladesh,Pakistan,Pakistan
Kingsmead,India,South Africa,India
Newlands,New Zealand,Pakistan,Pakistan
Kingsmead,India,Australia,India
New Wanderers Stadium,India,Pakistan,India
Western Australia Cricket Association Ground,Australia,New Zealand,Australia
Melbourne Cricket Ground,India,Australia,Australia
Old Trafford,New Zealand,England,England
Brabourne Stadium,Australia,India,India
New Wanderers Stadium,New Zealand,South Africa,South Africa
New Wanderers Stadium,West Indies,South Africa,South Africa
Eden Park,England,New Zealand,England
Jade Stadium,England,New Zealand,England
Gymkhana Club Ground,Kenya,Bangladesh,Bangladesh
Gymkhana Club Ground,Pakistan,Bangladesh,Pakistan
Gymkhana Club Ground,Kenya,Pakistan,Pakistan
St George's Park,South Africa,West Indies,West Indies
Kensington Oval,Australia,West Indies,West Indies
National Stadium,Pakistan,Bangladesh,Pakistan
New Wanderers Stadium,South Africa,Bangladesh,South Africa
New Wanderers Stadium,Australia,South Africa,South Africa
SuperSport Park,South Africa,Australia,South Africa
Melbourne Cricket Ground,Australia,South Africa,Australia
Brisbane Cricket Ground,South Africa,Australia,Australia
Sydney Cricket Ground,Australia,New Zealand,Australia
Queen's Park Oval,England,West Indies,West Indies
Civil Service Cricket Club,Bermuda,Scotland,Scotland
Lord's,England,Netherlands,Netherlands
Kennington Oval,Scotland,New Zealand,New Zealand
Kennington Oval,Australia,West Indies,West Indies
Trent Bridge,India,Bangladesh,India
Kennington Oval,South Africa,Scotland,South Africa
Kennington Oval,England,Pakistan,England
Trent Bridge,Bangladesh,Ireland,Ireland
Trent Bridge,Australia,Sri Lanka,Sri Lanka
Lord's,Pakistan,Netherlands,Pakistan
Lord's,South Africa,New Zealand,South Africa
Trent Bridge,Ireland,India,India
Trent Bridge,Sri Lanka,West Indies,Sri Lanka
Trent Bridge,New Zealand,Ireland,New Zealand
Trent Bridge,England,South Africa,South Africa
Lord's,Sri Lanka,Pakistan,Sri Lanka
Lord's,India,West Indies,West Indies
Kennington Oval,South Africa,West Indies,South Africa
Kennington Oval,New Zealand,Pakistan,Pakistan
Lord's,Sri Lanka,Ireland,Sri Lanka
Lord's,England,India,England
Kennington Oval,England,West Indies,West Indies
Kennington Oval,Pakistan,Ireland,Pakistan
Trent Bridge,Sri Lanka,New Zealand,Sri Lanka
Trent Bridge,South Africa,India,South Africa
Trent Bridge,Pakistan,South Africa,Pakistan
Kennington Oval,Sri Lanka,West Indies,Sri Lanka
Lord's,Sri Lanka,Pakistan,Pakistan
Civil Service Cricket Club,Kenya,Ireland,Ireland
Civil Service Cricket Club,Scotland,Netherlands,Netherlands
Maple Leaf North-West Ground,Sri Lanka,Pakistan,Pakistan
Maple Leaf North-West Ground,Pakistan,Sri Lanka,Sri Lanka
Westpac Stadium,India,New Zealand,New Zealand
Seddon Park,New Zealand,West Indies,New Zealand
AMI Stadium,India,New Zealand,New Zealand
R Premadasa Stadium,Sri Lanka,India,India
New Wanderers Stadium,England,South Africa,England
SuperSport Park,South Africa,England,South Africa
Dubai International Cricket Stadium,Australia,Pakistan,Pakistan
Warner Park,Bangladesh,West Indies,West Indies
R Premadasa Stadium,Pakistan,Sri Lanka,Pakistan
R Premadasa Stadium,New Zealand,Sri Lanka,New Zealand
R Premadasa Stadium,New Zealand,Sri Lanka,New Zealand
Bellerive Oval,Australia,West Indies,Australia
Sydney Cricket Ground,West Indies,Australia,Australia
Melbourne Cricket Ground,Australia,Pakistan,Australia
Providence Stadium,West Indies,Ireland,West Indies
Providence Stadium,Sri Lanka,New Zealand,New Zealand
Beausejour Stadium,Afghanistan,India,India
Beausejour Stadium,Pakistan,Bangladesh,Pakistan
Beausejour Stadium,India,South Africa,India
Beausejour Stadium,Australia,Pakistan,Australia
Providence Stadium,Zimbabwe,New Zealand,New Zealand
Providence Stadium,England,West Indies,West Indies
Providence Stadium,Sri Lanka,Zimbabwe,Sri Lanka
Kensington Oval,South Africa,Afghanistan,South Africa
Kensington Oval,Australia,Bangladesh,Australia
Kensington Oval,Pakistan,England,England
Kensington Oval,South Africa,New Zealand,South Africa
Kensington Oval,Australia,India,Australia
Kensington Oval,Sri Lanka,West Indies,Sri Lanka
Kensington Oval,New Zealand,Pakistan,New Zealand
Kensington Oval,England,South Africa,England
Kensington Oval,West Indies,India,West Indies
Kensington Oval,Australia,Sri Lanka,Australia
Beausejour Stadium,Pakistan,South Africa,Pakistan
Beausejour Stadium,New Zealand,England,England
Beausejour Stadium,India,Sri Lanka,Sri Lanka
Beausejour Stadium,West Indies,Australia,Australia
Beausejour Stadium,Sri Lanka,England,England
Beausejour Stadium,Pakistan,Australia,Australia
Kensington Oval,Australia,England,England
Seddon Park,Bangladesh,New Zealand,New Zealand
Westpac Stadium,New Zealand,Australia,Australia
Edgbaston,Pakistan,Australia,Pakistan
Edgbaston,Pakistan,Australia,Pakistan
Sophia Gardens,Pakistan,England,England
Sophia Gardens,Pakistan,England,England
Dubai International Cricket Stadium,Pakistan,New Zealand,Pakistan
Dubai International Cricket Stadium,Pakistan,New Zealand,Pakistan
Vidarbha Cricket Association Stadium,Sri Lanka,India,Sri Lanka
Punjab Cricket Association Stadium,Sri Lanka,India,India
Queen's Park Oval,Zimbabwe,West Indies,Zimbabwe
Sir Vivian Richards Stadium,South Africa,West Indies,South Africa
Dubai International Cricket Stadium,Afghanistan,Ireland,Afghanistan
Dubai International Cricket Stadium,Canada,Netherlands,Netherlands
Dubai International Cricket Stadium,Canada,Kenya,Kenya
Dubai International Cricket Stadium,Ireland,Scotland,Ireland
Dubai International Cricket Stadium,Afghanistan,Netherlands,Netherlands
Dubai International Cricket Stadium,Ireland,Netherlands,Ireland
Dubai International Cricket Stadium,Ireland,Afghanistan,Afghanistan
Dubai International Cricket Stadium,Pakistan,England,England
Dubai International Cricket Stadium,England,Pakistan,Pakistan
Western Australia Cricket Association Ground,Australia,Sri Lanka,Sri Lanka
Adelaide Oval,Australia,England,England
Melbourne Cricket Ground,Australia,England,Australia
Sir Vivian Richards Stadium,South Africa,West Indies,South Africa
Harare Sports Club,Zimbabwe,India,India
Harare Sports Club,Zimbabwe,India,India
Central Broward Regional Park Stadium Turf Ground,New Zealand,Sri Lanka,New Zealand
Central Broward Regional Park Stadium Turf Ground,New Zealand,Sri Lanka,Sri Lanka
Sheikh Zayed Stadium,Pakistan,South Africa,South Africa
OUTsurance Oval,Zimbabwe,South Africa,South Africa
De Beers Diamond Oval,South Africa,Zimbabwe,South Africa
Moses Mabhida Stadium,India,South Africa,India
Eden Park,Pakistan,New Zealand,New Zealand
Seddon Park,New Zealand,Pakistan,New Zealand
AMI Stadium,Pakistan,New Zealand,Pakistan
County Ground,England,Sri Lanka,Sri Lanka
Old Trafford,India,England,England
Sheikh Zayed Stadium,Pakistan,South Africa,South Africa
Beausejour Stadium,West Indies,Pakistan,West Indies
Queen's Park Oval,India,West Indies,India
Newlands,South Africa,Australia,Australia
New Wanderers Stadium,Australia,South Africa,South Africa
Pallekele International Cricket Stadium,Sri Lanka,Australia,Sri Lanka
Pallekele International Cricket Stadium,Sri Lanka,Australia,Sri Lanka
Stadium Australia,Australia,India,Australia
Melbourne Cricket Ground,Australia,India,India
Eden Park,Zimbabwe,New Zealand,New Zealand
Seddon Park,Zimbabwe,New Zealand,New Zealand
Westpac Stadium,South Africa,New Zealand,New Zealand
Seddon Park,New Zealand,South Africa,South Africa
Eden Park,South Africa,New Zealand,South Africa
Eden Gardens,India,England,England
Harare Sports Club,Pakistan,Zimbabwe,Pakistan
Harare Sports Club,Pakistan,Zimbabwe,Pakistan
Kennington Oval,West Indies,England,England
Kennington Oval,West Indies,England,West Indies
Harare Sports Club,Zimbabwe,New Zealand,New Zealand
Harare Sports Club,New Zealand,Zimbabwe,New Zealand
Sheikh Zayed Stadium,Sri Lanka,Pakistan,Pakistan
Dubai International Cricket Stadium,Pakistan,England,Pakistan
Dubai International Cricket Stadium,England,Pakistan,England
Sheikh Zayed Stadium,England,Pakistan,England
Shere Bangla National Stadium,West Indies,Bangladesh,Bangladesh
Mahinda Rajapaksa International Cricket Stadium,Sri Lanka,Zimbabwe,Sri Lanka
R Premadasa Stadium,Ireland,Australia,Australia
R Premadasa Stadium,India,Afghanistan,India
Mahinda Rajapaksa International Cricket Stadium,Zimbabwe,South Africa,South Africa
Pallekele International Cricket Stadium,New Zealand,Bangladesh,New Zealand
R Premadasa Stadium,England,Afghanistan,England
Mahinda Rajapaksa International Cricket Stadium,South Africa,Sri Lanka,South Africa
R Premadasa Stadium,West Indies,Australia,Australia
Pallekele International Cricket Stadium,Pakistan,New Zealand,Pakistan
R Premadasa Stadium,India,England,India
Pallekele International Cricket Stadium,Bangladesh,Pakistan,Pakistan
Pallekele International Cricket Stadium,West Indies,England,West Indies
R Premadasa Stadium,South Africa,Pakistan,Pakistan
R Premadasa Stadium,India,Australia,Australia
Pallekele International Cricket Stadium,New Zealand,England,England
Pallekele International Cricket Stadium,West Indies,Sri Lanka,Sri Lanka
R Premadasa Stadium,South Africa,Australia,Australia
R Premadasa Stadium,Pakistan,India,India
Pallekele International Cricket Stadium,Sri Lanka,England,Sri Lanka
R Premadasa Stadium,Pakistan,Australia,Pakistan
R Premadasa Stadium,India,South Africa,India
R Premadasa Stadium,Sri Lanka,Pakistan,Sri Lanka
R Premadasa Stadium,West Indies,Australia,West Indies
R Premadasa Stadium,West Indies,Sri Lanka,West Indies
Trent Bridge,West Indies,England,England
Riverside Ground,England,South Africa,South Africa
Edgbaston,England,South Africa,England
Shere Bangla National Stadium,Pakistan,Bangladesh,Pakistan
Beausejour Stadium,West Indies,Australia,Australia
Kensington Oval,West Indies,Australia,West Indies
Mombasa Sports Club Ground,Kenya,Ireland,Ireland
Mombasa Sports Club Ground,Kenya,Ireland,Ireland
Mombasa Sports Club Ground,Ireland,Kenya,Ireland
Dubai International Cricket Stadium,Netherlands,Canada,Netherlands
Dubai International Cricket Stadium,Kenya,Ireland,Ireland
Dubai International Cricket Stadium,Netherlands,Afghanistan,Afghanistan
Dubai International Cricket Stadium,Ireland,Scotland,Ireland
ICC Global Cricket Academy,Afghanistan,Canada,Afghanistan
Dubai International Cricket Stadium,Canada,Ireland,Ireland
Dubai International Cricket Stadium,Netherlands,Ireland,Ireland
Dubai International Cricket Stadium,Canada,Scotland,Scotland
Dubai International Cricket Stadium,Afghanistan,Ireland,Ireland
New Wanderers Stadium,South Africa,India,South Africa
Central Broward Regional Park Stadium Turf Ground,West Indies,New Zealand,West Indies
Central Broward Regional Park Stadium Turf Ground,West Indies,New Zealand,West Indies
Mahinda Rajapaksa International Cricket Stadium,Sri Lanka,Pakistan,Sri Lanka
Mahinda Rajapaksa International Cricket Stadium,Pakistan,Sri Lanka,Pakistan
Pallekele International Cricket Stadium,India,Sri Lanka,India
Subrata Roy Sahara Stadium,England,India,India
Wankhede Stadium,India,England,England
MA Chidambaram Stadium,New Zealand,India,New Zealand
Kennington Oval,New Zealand,England,New Zealand
The Rose Bowl,Australia,England,Australia
Riverside Ground,England,Australia,England
Civil Service Cricket Club,Bangladesh,Ireland,Bangladesh
Sportpark Westvliet,Netherlands,Bangladesh,Bangladesh
Kingsmead,New Zealand,South Africa,South Africa
Buffalo Park,South Africa,New Zealand,New Zealand
St George's Park,South Africa,New Zealand,South Africa
SuperSport Park,Pakistan,South Africa,Pakistan
Eden Park,England,New Zealand,England
Seddon Park,New Zealand,England,New Zealand
Westpac Stadium,New Zealand,England,England
Dubai International Cricket Stadium,Australia,Pakistan,Pakistan
Dubai International Cricket Stadium,Australia,Pakistan,Australia
Stadium Australia,Australia,Sri Lanka,Sri Lanka
Melbourne Cricket Ground,Sri Lanka,Australia,Sri Lanka
Brisbane Cricket Ground,West Indies,Australia,West Indies
Sportpark Westvliet,Bangladesh,Netherlands,Netherlands
Shere Bangla National Stadium,West Indies,Bangladesh,West Indies
M Chinnaswamy Stadium,India,Pakistan,Pakistan
Sardar Patel Stadium,India,Pakistan,India
ICC Global Cricket Academy,Kenya,Canada,Canada
ICC Global Cricket Academy,Kenya,Canada,Kenya
Sharjah Cricket Stadium,Afghanistan,Scotland,Afghanistan
Sharjah Cricket Stadium,Scotland,Afghanistan,Afghanistan
Wanderers Cricket Ground,Netherlands,Kenya,Kenya
Sir Vivian Richards Stadium,Zimbabwe,West Indies,West Indies
Sir Vivian Richards Stadium,West Indies,Zimbabwe,West Indies
Pallekele International Cricket Stadium,Sri Lanka,Bangladesh,Sri Lanka
Queens Sports Club,Zimbabwe,Bangladesh,Zimbabwe
Queens Sports Club,Bangladesh,Zimbabwe,Bangladesh
Wanderers Cricket Ground,Netherlands,Kenya,Kenya
R Premadasa Stadium,South Africa,Sri Lanka,South Africa
Mahinda Rajapaksa International Cricket Stadium,South Africa,Sri Lanka,South Africa
Mahinda Rajapaksa International Cricket Stadium,South Africa,Sri Lanka,Sri Lanka
Bellerive Oval,Australia,England,Australia
Melbourne Cricket Ground,England,Australia,Australia
Stadium Australia,Australia,England,Australia
Kensington Oval,West Indies,England,West Indies
Kensington Oval,England,West Indies,West Indies
Kensington Oval,England,West Indies,England
Arnos Vale Ground,West Indies,Pakistan,Pakistan
Arnos Vale Ground,Pakistan,West Indies,Pakistan
Saurashtra Cricket Association Stadium,Australia,India,India
Kingsmead,South Africa,Australia,Australia
SuperSport Park,South Africa,Australia,Australia
Dubai International Cricket Stadium,Pakistan,South Africa,South Africa
Dubai International Cricket Stadium,South Africa,Pakistan,South Africa
Sharjah Cricket Stadium,Afghanistan,Pakistan,Pakistan
Dubai International Cricket Stadium,Sri Lanka,Pakistan,Pakistan
Dubai International Cricket Stadium,Sri Lanka,Pakistan,Sri Lanka
Harare Sports Club,Pakistan,Zimbabwe,Pakistan
Harare Sports Club,Pakistan,Zimbabwe,Pakistan
Sharjah Cricket Stadium,Afghanistan,Netherlands,Netherlands
Sheikh Zayed Stadium,Ireland,Canada,Ireland
Sharjah Cricket Stadium,Afghanistan,Scotland,Afghanistan
ICC Academy,Kenya,Scotland,Kenya
ICC Academy,Scotland,Netherlands,Scotland
ICC Academy,Netherlands,Kenya,Netherlands
Sharjah Cricket Stadium,Afghanistan,Kenya,Afghanistan
Sharjah Cricket Stadium,Kenya,Canada,Kenya
Sheikh Zayed Stadium,Scotland,Netherlands,Netherlands
Sheikh Zayed Stadium,Ireland,Afghanistan,Ireland
Eden Park,New Zealand,West Indies,New Zealand
Westpac Stadium,West Indies,New Zealand,New Zealand
Sharjah Cricket Stadium,Afghanistan,Kenya,Afghanistan
Sharjah Cricket Stadium,Kenya,Afghanistan,Kenya
Edgbaston,England,India,England
Kennington Oval,Sri Lanka,England,Sri Lanka
Shere Bangla National Stadium,New Zealand,Bangladesh,New Zealand
Pallekele International Cricket Stadium,New Zealand,Sri Lanka,Sri Lanka
Shere Bangla National Stadium,Afghanistan,Bangladesh,Bangladesh
Zahur Ahmed Chowdhury Stadium,Nepal,Hong Kong,Nepal
Sylhet Stadium,Zimbabwe,Ireland,Ireland
Sylhet Stadium,United Arab Emirates,Netherlands,Netherlands
Zahur Ahmed Chowdhury Stadium,Hong Kong,Afghanistan,Afghanistan
Zahur Ahmed Chowdhury Stadium,Nepal,Bangladesh,Bangladesh
Sylhet Stadium,Netherlands,Zimbabwe,Zimbabwe
Sylhet Stadium,United Arab Emirates,Ireland,Ireland
Zahur Ahmed Chowdhury Stadium,Nepal,Afghanistan,Nepal
Zahur Ahmed Chowdhury Stadium,Bangladesh,Hong Kong,Hong Kong
Sylhet Stadium,United Arab Emirates,Zimbabwe,Zimbabwe
Sylhet Stadium,Ireland,Netherlands,Netherlands
Zahur Ahmed Chowdhury Stadium,England,New Zealand,New Zealand
Zahur Ahmed Chowdhury Stadium,Netherlands,Sri Lanka,Sri Lanka
Zahur Ahmed Chowdhury Stadium,South Africa,Netherlands,South Africa
Zahur Ahmed Chowdhury Stadium,Netherlands,New Zealand,New Zealand
Zahur Ahmed Chowdhury Stadium,Netherlands,England,Netherlands
Shere Bangla National Stadium,Bangladesh,Australia,Australia
Shere Bangla National Stadium,West Indies,Pakistan,West Indies
Shere Bangla National Stadium,Sri Lanka,West Indies,Sri Lanka
Shere Bangla National Stadium,South Africa,India,India
Shere Bangla National Stadium,India,Sri Lanka,Sri Lanka
New Wanderers Stadium,South Africa,Pakistan,South Africa
Newlands,Pakistan,South Africa,Pakistan
Zahur Ahmed Chowdhury Stadium,Sri Lanka,Bangladesh,Sri Lanka
Zahur Ahmed Chowdhury Stadium,Bangladesh,Sri Lanka,Sri Lanka
Sabina Park,West Indies,Ireland,Ireland
Sabina Park,West Indies,Ireland,West Indies
Newlands,South Africa,West Indies,West Indies
New Wanderers Stadium,South Africa,West Indies,West Indies
Dubai International Cricket Stadium,Pakistan,Australia,Australia
Windsor Park,West Indies,New Zealand,New Zealand
Windsor Park,West Indies,New Zealand,West Indies
Kingsmead,South Africa,West Indies,South Africa
Dubai International Cricket Stadium,New Zealand,Pakistan,Pakistan
Old Trafford,England,New Zealand,England
Sophia Gardens,England,Australia,England
Dubai International Cricket Stadium,New Zealand,Pakistan,New Zealand
Adelaide Oval,Australia,South Africa,South Africa
Melbourne Cricket Ground,South Africa,Australia,Australia
Stadium Australia,South Africa,Australia,Australia
Newlands,England,South Africa,South Africa
New Wanderers Stadium,England,South Africa,South Africa
P Sara Oval,Nepal,Hong Kong,Hong Kong
Shere Bangla National Stadium,South Africa,Bangladesh,South Africa
Shere Bangla National Stadium,South Africa,Bangladesh,South Africa
Kingsmead,New Zealand,South Africa,South Africa
SuperSport Park,New Zealand,South Africa,New Zealand
Shere Bangla National Stadium,Pakistan,Bangladesh,Bangladesh
R Premadasa Stadium,Pakistan,Sri Lanka,Pakistan
R Premadasa Stadium,Sri Lanka,Pakistan,Pakistan
Gaddafi Stadium,Zimbabwe,Pakistan,Pakistan
Gaddafi Stadium,Zimbabwe,Pakistan,Pakistan
Grange Cricket Club Ground,United Arab Emirates,Scotland,Scotland
Grange Cricket Club Ground,Afghanistan,Netherlands,Afghanistan
Grange Cricket Club Ground,United Arab Emirates,Afghanistan,Afghanistan
Grange Cricket Club Ground,Netherlands,Scotland,Netherlands
Grange Cricket Club Ground,United Arab Emirates,Netherlands,Netherlands
Grange Cricket Club Ground,Afghanistan,Scotland,Afghanistan
Civil Service Cricket Club,Ireland,Papua New Guinea,Papua New Guinea
Civil Service Cricket Club,Nepal,Hong Kong,Hong Kong
The Village,Nepal,Papua New Guinea,Papua New Guinea
The Village,Hong Kong,Ireland,Hong Kong
The Village,Afghanistan,Hong Kong,Hong Kong
The Village,Papua New Guinea,Afghanistan,Afghanistan
The Village,Hong Kong,Scotland,Scotland
Clontarf Cricket Club Ground,Oman,Afghanistan,Afghanistan
The Village,Ireland,Netherlands,Netherlands
VRA Ground,Netherlands,Nepal,Netherlands
Hazelaarweg,Netherlands,Nepal,Netherlands
Kingsmead,Australia,South Africa,South Africa
New Wanderers Stadium,South Africa,Australia,Australia
Newlands,South Africa,Australia,Australia
Harare Sports Club,India,Zimbabwe,India
Harare Sports Club,Zimbabwe,India,Zimbabwe
Bready Cricket Club,Ireland,Scotland,Scotland
Harare Sports Club,New Zealand,Zimbabwe,New Zealand
Adelaide Oval,India,Australia,India
Melbourne Cricket Ground,India,Australia,India
Sydney Cricket Ground,Australia,India,India
Dubai International Cricket Stadium,England,Pakistan,England
Dubai International Cricket Stadium,England,Pakistan,England
Himachal Pradesh Cricket Association Stadium,India,South Africa,South Africa
Barabati Stadium,India,South Africa,South Africa
The Rose Bowl,Sri Lanka,England,England
Old Trafford,England,Pakistan,Pakistan
Bay Oval,New Zealand,Sri Lanka,New Zealand
Eden Park,Sri Lanka,New Zealand,New Zealand
Eden Park,Pakistan,New Zealand,Pakistan
Seddon Park,Pakistan,New Zealand,New Zealand
Westpac Stadium,New Zealand,Pakistan,New Zealand
Pallekele International Cricket Stadium,Sri Lanka,West Indies,Sri Lanka
R Premadasa Stadium,West Indies,Sri Lanka,West Indies
Harare Sports Club,Pakistan,Zimbabwe,Pakistan
Harare Sports Club,Pakistan,Zimbabwe,Pakistan
Queens Sports Club,Zimbabwe,Afghanistan,Afghanistan
Queens Sports Club,Zimbabwe,Afghanistan,Afghanistan
Sheikh Zayed Stadium,Oman,United Arab Emirates,United Arab Emirates
Sheikh Zayed Stadium,Hong Kong,Oman,Oman
Sheikh Zayed Stadium,Oman,Hong Kong,Oman
Sheikh Zayed Stadium,Oman,Hong Kong,Hong Kong
Sheikh Zayed Stadium,Afghanistan,Oman,Afghanistan
Shere Bangla National Stadium,Zimbabwe,Bangladesh,Bangladesh
Shere Bangla National Stadium,Bangladesh,Zimbabwe,Zimbabwe
SuperSport Park,South Africa,Sri Lanka,South Africa
New Wanderers Stadium,South Africa,Sri Lanka,Sri Lanka
Newlands,South Africa,Sri Lanka,Sri Lanka
Vidarbha Cricket Association Stadium,Zimbabwe,Hong Kong,Zimbabwe
Vidarbha Cricket Association Stadium,Afghanistan,Scotland,Afghanistan
Himachal Pradesh Cricket Association Stadium,Bangladesh,Netherlands,Bangladesh
Himachal Pradesh Cricket Association Stadium,Ireland,Oman,Oman
Vidarbha Cricket Association Stadium,Zimbabwe,Scotland,Zimbabwe
Vidarbha Cricket Association Stadium,Hong Kong,Afghanistan,Afghanistan
Vidarbha Cricket Association Stadium,Afghanistan,Zimbabwe,Afghanistan
Vidarbha Cricket Association Stadium,Hong Kong,Scotland,Scotland
Himachal Pradesh Cricket Association Stadium,Netherlands,Ireland,Netherlands
Himachal Pradesh Cricket Association Stadium,Bangladesh,Oman,Bangladesh
Vidarbha Cricket Association Stadium,New Zealand,India,New Zealand
Wankhede Stadium,England,West Indies,West Indies
Eden Gardens,Pakistan,Bangladesh,Pakistan
Eden Gardens,Afghanistan,Sri Lanka,Sri Lanka
Himachal Pradesh Cricket Association Stadium,New Zealand,Australia,New Zealand
Wankhede Stadium,South Africa,England,England
Eden Gardens,Pakistan,India,India
Wankhede Stadium,South Africa,Afghanistan,South Africa
M Chinnaswamy Stadium,Sri Lanka,West Indies,West Indies
M Chinnaswamy Stadium,Bangladesh,Australia,Australia
Punjab Cricket Association IS Bindra Stadium,New Zealand,Pakistan,New Zealand
Feroz Shah Kotla,England,Afghanistan,England
M Chinnaswamy Stadium,India,Bangladesh,India
Punjab Cricket Association IS Bindra Stadium,Australia,Pakistan,Australia
Vidarbha Cricket Association Stadium,South Africa,West Indies,West Indies
Eden Gardens,New Zealand,Bangladesh,New Zealand
Feroz Shah Kotla,England,Sri Lanka,England
Punjab Cricket Association IS Bindra Stadium,Australia,India,India
Vidarbha Cricket Association Stadium,Afghanistan,West Indies,Afghanistan
Feroz Shah Kotla,Sri Lanka,South Africa,South Africa
Feroz Shah Kotla,New Zealand,England,England
Wankhede Stadium,India,West Indies,West Indies
Eden Gardens,England,West Indies,West Indies
Mission Road Ground,Scotland,Hong Kong,Hong Kong
Mission Road Ground,Scotland,Hong Kong,Scotland
Sharjah Cricket Stadium,Afghanistan,Zimbabwe,Afghanistan
Sharjah Cricket Stadium,Afghanistan,Zimbabwe,Afghanistan
Tony Ireland Stadium,Ireland,Papua New Guinea,Ireland
Tony Ireland Stadium,Papua New Guinea,Ireland,Papua New Guinea
Sheikh Zayed Stadium,Ireland,United Arab Emirates,Ireland
Sheikh Zayed Stadium,United Arab Emirates,Ireland,United Arab Emirates
Sheikh Abu Naser Stadium,Zimbabwe,Bangladesh,Bangladesh
Sheikh Abu Naser Stadium,Bangladesh,Zimbabwe,Bangladesh
Sheikh Abu Naser Stadium,Zimbabwe,Bangladesh,Zimbabwe
Sheikh Abu Naser Stadium,Zimbabwe,Bangladesh,Zimbabwe
Maharashtra Cricket Association Stadium,India,Sri Lanka,Sri Lanka
JSCA International Stadium Complex,India,Sri Lanka,India
Dr. Y.S. Rajasekhara Reddy ACA-VDCA Cricket Stadium,Sri Lanka,India,India
ICC Academy,United Arab Emirates,Scotland,United Arab Emirates
Khan Shaheb Osman Ali Stadium,United Arab Emirates,Afghanistan,United Arab Emirates
Khan Shaheb Osman Ali Stadium,Oman,Hong Kong,Oman
Khan Shaheb Osman Ali Stadium,Oman,Afghanistan,Afghanistan
Khan Shaheb Osman Ali Stadium,Hong Kong,United Arab Emirates,United Arab Emirates
Shere Bangla National Stadium,Afghanistan,Hong Kong,Afghanistan
Shere Bangla National Stadium,United Arab Emirates,Oman,United Arab Emirates
Shere Bangla National Stadium,India,Bangladesh,India
Shere Bangla National Stadium,Sri Lanka,United Arab Emirates,Sri Lanka
Shere Bangla National Stadium,Bangladesh,United Arab Emirates,Bangladesh
Shere Bangla National Stadium,Pakistan,India,India
Shere Bangla National Stadium,Bangladesh,Sri Lanka,Bangladesh
Shere Bangla National Stadium,United Arab Emirates,Pakistan,Pakistan
Shere Bangla National Stadium,Sri Lanka,India,India
Shere Bangla National Stadium,Pakistan,Bangladesh,Bangladesh
Shere Bangla National Stadium,United Arab Emirates,India,India
Shere Bangla National Stadium,Sri Lanka,Pakistan,Pakistan
Shere Bangla National Stadium,Bangladesh,India,India
ICC Academy,Netherlands,United Arab Emirates,Netherlands
Pallekele International Cricket Stadium,Australia,Sri Lanka,Australia
R Premadasa Stadium,Sri Lanka,Australia,Australia
Melbourne Cricket Ground,Australia,Sri Lanka,Sri Lanka
Simonds Stadium,Australia,Sri Lanka,Sri Lanka
Adelaide Oval,Australia,Sri Lanka,Australia
Bready Cricket Club,Hong Kong,Ireland,Hong Kong
Harare Sports Club,Zimbabwe,India,Zimbabwe
Harare Sports Club,Zimbabwe,India,India
Harare Sports Club,India,Zimbabwe,India
McLean Park,Bangladesh,New Zealand,New Zealand
Bay Oval,New Zealand,Bangladesh,New Zealand
Bay Oval,New Zealand,Bangladesh,New Zealand
Eden Park,South Africa,New Zealand,South Africa
The Rose Bowl,South Africa,England,England
County Ground,South Africa,England,South Africa
Sophia Gardens,England,South Africa,England
Riverside Ground,West Indies,England,West Indies
Green Park,India,England,England
Vidarbha Cricket Association Stadium,India,England,India
M Chinnaswamy Stadium,India,England,India
Greater Noida Sports Complex Ground,Ireland,Afghanistan,Afghanistan
Greater Noida Sports Complex Ground,Afghanistan,Ireland,Afghanistan
Greater Noida Sports Complex Ground,Afghanistan,Ireland,Afghanistan
Central Broward Regional Park Stadium Turf Ground,West Indies,India,West Indies
Dubai International Cricket Stadium,West Indies,Pakistan,Pakistan
Dubai International Cricket Stadium,Pakistan,West Indies,Pakistan
Sheikh Zayed Stadium,West Indies,Pakistan,Pakistan
ICC Academy,Afghanistan,United Arab Emirates,Afghanistan
Dubai International Cricket Stadium,United Arab Emirates,Afghanistan,Afghanistan
ICC Academy,Afghanistan,United Arab Emirates,Afghanistan
Sydney Cricket Ground,New Zealand,Australia,Australia
Bellerive Oval,England,Australia,Australia
Melbourne Cricket Ground,England,Australia,Australia
Westpac Stadium,New Zealand,England,New Zealand
Eden Park,New Zealand,Australia,Australia
Seddon Park,England,New Zealand,England
Eden Park,New Zealand,Australia,Australia
Sheikh Zayed Stadium,Scotland,Hong Kong,Scotland
Sheikh Zayed Stadium,Ireland,Afghanistan,Afghanistan
Sheikh Zayed Stadium,Oman,Netherlands,Netherlands
Sheikh Zayed Stadium,Hong Kong,Oman,Oman
Sheikh Zayed Stadium,United Arab Emirates,Afghanistan,Afghanistan
Sheikh Zayed Stadium,Scotland,Netherlands,Scotland
Dubai International Cricket Stadium,Ireland,United Arab Emirates,Ireland
Dubai International Cricket Stadium,Hong Kong,Netherlands,Hong Kong
Dubai International Cricket Stadium,Oman,Scotland,Scotland
Dubai International Cricket Stadium,Oman,Afghanistan,Afghanistan
Dubai International Cricket Stadium,Ireland,Scotland,Ireland
Dubai International Cricket Stadium,Ireland,Afghanistan,Afghanistan
Mangaung Oval,South Africa,Bangladesh,South Africa
Senwes Park,South Africa,Bangladesh,South Africa
Kensington Oval,West Indies,Pakistan,Pakistan
Queen's Park Oval,Pakistan,West Indies,Pakistan
R Premadasa Stadium,Bangladesh,Sri Lanka,Sri Lanka
R Premadasa Stadium,Bangladesh,Sri Lanka,Bangladesh
Queen's Park Oval,Pakistan,West Indies,West Indies
Queen's Park Oval,West Indies,Pakistan,Pakistan
Sheikh Zayed Stadium,Papua New Guinea,United Arab Emirates,United Arab Emirates
Sheikh Zayed Stadium,United Arab Emirates,Papua New Guinea,United Arab Emirates
Sheikh Zayed Stadium,Papua New Guinea,United Arab Emirates,United Arab Emirates
Warner Park,Afghanistan,West Indies,West Indies
Warner Park,West Indies,Afghanistan,West Indies
Warner Park,Afghanistan,West Indies,West Indies
Sabina Park,India,West Indies,West Indies
R.Premadasa Stadium,Sri Lanka,India,India
Saxton Oval,New Zealand,West Indies,New Zealand
Bay Oval,New Zealand,West Indies,New Zealand
Westpac Stadium,Pakistan,New Zealand,New Zealand
Eden Park,Pakistan,New Zealand,Pakistan
Bay Oval,Pakistan,New Zealand,Pakistan
Gaddafi Stadium,Pakistan,ICC World XI,Pakistan
Gaddafi Stadium,Pakistan,ICC World XI,ICC World XI
Gaddafi Stadium,Pakistan,ICC World XI,Pakistan
JSCA International Stadium Complex,Australia,India,India
Barsapara Cricket Stadium,India,Australia,Australia
Edgbaston,England,Australia,England
Old Trafford,England,India,India
Sophia Gardens,India,England,England
County Ground,England,India,India
Arun Jaitley Stadium,India,New Zealand,India
Saurashtra Cricket Association Stadium,New Zealand,India,New Zealand
Greenfield International Stadium,India,New Zealand,India
Sheikh Zayed Stadium,Sri Lanka,Pakistan,Pakistan
Sheikh Zayed Stadium,Sri Lanka,Pakistan,Pakistan
Gaddafi Stadium,Pakistan,Sri Lanka,Pakistan
The Wanderers Stadium,India,South Africa,India
SuperSport Park,India,South Africa,South Africa
Newlands,India,South Africa,India
Barabati Stadium,India,Sri Lanka,India
Holkar Cricket Stadium,India,Sri Lanka,India
Wankhede Stadium,Sri Lanka,India,India
Grange Cricket Club,Pakistan,Scotland,Pakistan
Grange Cricket Club,Pakistan,Scotland,Pakistan
Shere Bangla National Stadium,Bangladesh,Sri Lanka,Sri Lanka
Sylhet International Cricket Stadium,Sri Lanka,Bangladesh,Sri Lanka
R.Premadasa Stadium,India,Sri Lanka,Sri Lanka
R.Premadasa Stadium,Bangladesh,India,India
R.Premadasa Stadium,Sri Lanka,Bangladesh,Bangladesh
R.Premadasa Stadium,Sri Lanka,India,India
R.Premadasa Stadium,India,Bangladesh,India
R.Premadasa Stadium,Sri Lanka,Bangladesh,Bangladesh
R.Premadasa Stadium,Bangladesh,India,India
Sharjah Cricket Stadium,Zimbabwe,Afghanistan,Afghanistan
Sharjah Cricket Stadium,Afghanistan,Zimbabwe,Afghanistan
National Stadium,Pakistan,West Indies,Pakistan
National Stadium,Pakistan,West Indies,Pakistan
National Stadium,West Indies,Pakistan,Pakistan
R.Premadasa Stadium,England,Sri Lanka,England
The Village,India,Ireland,India
The Village,India,Ireland,India
Lord's,West Indies,ICC World XI,West Indies
Hazelaarweg,Netherlands,Ireland,Netherlands
Hazelaarweg,Ireland,Netherlands,Netherlands
Sportpark Het Schootsveld,Ireland,Scotland,Ireland
VRA Ground,Netherlands,Scotland,Scotland
VRA Ground,Scotland,Netherlands,Scotland
R.Premadasa Stadium,South Africa,Sri Lanka,Sri Lanka
Harare Sports Club,Pakistan,Zimbabwe,Pakistan
Harare Sports Club,Pakistan,Australia,Australia
Harare Sports Club,Australia,Zimbabwe,Australia
Harare Sports Club,Zimbabwe,Pakistan,Pakistan
Harare Sports Club,Pakistan,Australia,Pakistan
Harare Sports Club,Zimbabwe,Australia,Australia
Harare Sports Club,Australia,Pakistan,Pakistan
Buffalo Park,South Africa,Zimbabwe,South Africa
Senwes Park,Zimbabwe,South Africa,South Africa
Newlands,South Africa,Pakistan,South Africa
The Wanderers Stadium,South Africa,Pakistan,South Africa
SuperSport Park,Pakistan,South Africa,Pakistan
SuperSport Park,South Africa,Sri Lanka,South Africa
The Wanderers Stadium,South Africa,Sri Lanka,South Africa
Carrara Oval,South Africa,Australia,South Africa
Brisbane Cricket Ground,Australia,India,Australia
Sydney Cricket Ground,Australia,India,India
Rajiv Gandhi International Cricket Stadium,Afghanistan,Bangladesh,Afghanistan
Rajiv Gandhi International Cricket Stadium,Bangladesh,Afghanistan,Afghanistan
Rajiv Gandhi International Cricket Stadium,Afghanistan,Bangladesh,Afghanistan
Warner Park,Bangladesh,West Indies,West Indies
Central Broward Regional Park Stadium Turf Ground,Bangladesh,West Indies,Bangladesh
Central Broward Regional Park Stadium Turf Ground,Bangladesh,West Indies,Bangladesh
Bready Cricket Club,Afghanistan,Ireland,Afghanistan
Bready Cricket Club,Afghanistan,Ireland,Afghanistan
Sophia Gardens,Pakistan,England,England
Sylhet International Cricket Stadium,Bangladesh,West Indies,West Indies
Shere Bangla National Stadium,Bangladesh,West Indies,Bangladesh
Shere Bangla National Stadium,West Indies,Bangladesh,West Indies
Westpac Stadium,New Zealand,India,New Zealand
Eden Park,New Zealand,India,India
Seddon Park,New Zealand,India,New Zealand
Eden Park,New Zealand,Sri Lanka,New Zealand
Sheikh Zayed Stadium,Pakistan,Australia,Pakistan
Dubai International Cricket Stadium,Pakistan,Australia,Pakistan
Dubai International Cricket Stadium,Pakistan,Australia,Pakistan
Sheikh Zayed Stadium,Pakistan,New Zealand,Pakistan
Dubai International Cricket Stadium,New Zealand,Pakistan,Pakistan
Dubai International Cricket Stadium,Pakistan,New Zealand,Pakistan
Eden Gardens,West Indies,India,India
Bharat Ratna Shri Atal Bihari Vajpayee Ekana Cricket Stadium,India,West Indies,India
MA Chidambaram Stadium,West Indies,India,India
Darren Sammy National Cricket Stadium,West Indies,England,England
Warner Park,England,West Indies,England
Warner Park,West Indies,England,England
Tolerance Oval,United Arab Emirates,Australia,Australia
Rajiv Gandhi International Cricket Stadium,Ireland,Afghanistan,Afghanistan
Rajiv Gandhi International Cricket Stadium,Afghanistan,Ireland,Afghanistan
Rajiv Gandhi International Cricket Stadium,Afghanistan,Ireland,Afghanistan
Dr. Y.S. Rajasekhara Reddy ACA-VDCA Cricket Stadium,India,Australia,Australia
M.Chinnaswamy Stadium,India,Australia,Australia
Bready Cricket Club,Zimbabwe,Ireland,Ireland
ICC Academy,United Arab Emirates,Nepal,United Arab Emirates
ICC Academy,United Arab Emirates,Nepal,Nepal
ICC Academy,Nepal,United Arab Emirates,Nepal
Al Amerat Cricket Ground Oman Cricket (Ministry Turf 1),Scotland,Netherlands,Netherlands
Al Amerat Cricket Ground Oman Cricket (Ministry Turf 1),Ireland,Oman,Ireland
Al Amerat Cricket Ground Oman Cricket (Ministry Turf 1),Oman,Netherlands,Netherlands
Al Amerat Cricket Ground Oman Cricket (Ministry Turf 1),Ireland,Scotland,Scotland
Al Amerat Cricket Ground Oman Cricket (Ministry Turf 1),Netherlands,Ireland,Ireland
Al Amerat Cricket Ground Oman Cricket (Ministry Turf 1),Oman,Scotland,Scotland
Amini Park,Papua New Guinea,Philippines,Papua New Guinea
Amini Park,Vanuatu,Papua New Guinea,Papua New Guinea
Amini Park,Vanuatu,Philippines,Vanuatu
Amini Park,Philippines,Vanuatu,Philippines
Amini Park,Vanuatu,Papua New Guinea,Papua New Guinea
ICC Academy,United Arab Emirates,United States of America,United Arab Emirates
Sportpark Maarschalkerweerd,Germany,Italy,Italy
Adelaide Oval,Australia,Sri Lanka,Australia
Brisbane Cricket Ground,Sri Lanka,Australia,Australia
Melbourne Cricket Ground,Sri Lanka,Australia,Australia
Manuka Oval,Pakistan,Australia,Australia
Perth Stadium,Pakistan,Australia,Australia
Kyambogo Cricket Oval,Ghana,Namibia,Namibia
Lugogo Cricket Oval,Uganda,Botswana,Uganda
Kyambogo Cricket Oval,Kenya,Ghana,Kenya
Kyambogo Cricket Oval,Namibia,Uganda,Namibia
Lugogo Cricket Oval,Nigeria,Botswana,Nigeria
Kyambogo Cricket Oval,Ghana,Uganda,Uganda
Kyambogo Cricket Oval,Nigeria,Ghana,Nigeria
Kyambogo Cricket Oval,Botswana,Namibia,Namibia
Lugogo Cricket Oval,Kenya,Uganda,Kenya
King George V Sports Ground,Guernsey,Germany,Germany
King George V Sports Ground,Denmark,Norway,Denmark
King George V Sports Ground,Jersey,Denmark,Jersey
College Field,Italy,Guernsey,Italy
King George V Sports Ground,Jersey,Norway,Jersey
College Field,Norway,Germany,Germany
College Field,Jersey,Germany,Germany
King George V Sports Ground,Norway,Guernsey,Guernsey
College Field,Jersey,Italy,Jersey
King George V Sports Ground,Denmark,Germany,Germany
Buffalo Park,South Africa,England,South Africa
Kingsmead,England,South Africa,England
SuperSport Park,South Africa,England,England
The Wanderers Stadium,Australia,South Africa,Australia
St George's Park,South Africa,Australia,South Africa
Newlands,Australia,South Africa,Australia
Kinrara Academy Oval,Thailand,Malaysia,Malaysia
Kinrara Academy Oval,Thailand,Maldives,Maldives
Kinrara Academy Oval,Thailand,Malaysia,Malaysia
Kinrara Academy Oval,Maldives,Thailand,Thailand
Punjab Cricket Association IS Bindra Stadium,South Africa,India,India
M.Chinnaswamy Stadium,India,South Africa,South Africa
Arun Jaitley Stadium,India,Bangladesh,Bangladesh
Saurashtra Cricket Association Stadium,Bangladesh,India,India
Vidarbha Cricket Association Stadium,India,Bangladesh,India
Rajiv Gandhi International Stadium,West Indies,India,India
Greenfield International Stadium,India,West Indies,West Indies
Wankhede Stadium,India,West Indies,India
Hagley Oval,New Zealand,England,England
Westpac Stadium,New Zealand,England,New Zealand
Saxton Oval,New Zealand,England,New Zealand
McLean Park,England,New Zealand,England
Eden Park,New Zealand,India,India
Eden Park,New Zealand,India,India
Bay Oval,India,New Zealand,India
Hazelaarweg,Netherlands,Zimbabwe,Netherlands
Central Broward Regional Park Stadium Turf Ground,West Indies,India,India
Central Broward Regional Park Stadium Turf Ground,India,West Indies,India
Providence Stadium,West Indies,India,India
King George V Sports Ground,Guernsey,Denmark,Guernsey
King George V Sports Ground,Denmark,Italy,Denmark
Indian Association Ground,Singapore,Qatar,Singapore
Indian Association Ground,Malaysia,Kuwait,Malaysia
Indian Association Ground,Nepal,Qatar,Qatar
Indian Association Ground,Malaysia,Nepal,Nepal
Indian Association Ground,Kuwait,Qatar,Kuwait
Indian Association Ground,Malaysia,Singapore,Singapore
Indian Association Ground,Kuwait,Nepal,Nepal
Indian Association Ground,Malaysia,Qatar,Qatar
Indian Association Ground,Singapore,Nepal,Singapore
VRA Ground,Netherlands,United Arab Emirates,United Arab Emirates
Sportpark Westvliet,Netherlands,United Arab Emirates,United Arab Emirates
Kinrara Academy Oval,Malaysia,Nepal,Nepal
Kinrara Academy Oval,Nepal,Malaysia,Nepal
Pallekele International Cricket Stadium,Sri Lanka,New Zealand,New Zealand
Pallekele International Cricket Stadium,Sri Lanka,New Zealand,New Zealand
Pallekele International Cricket Stadium,Sri Lanka,New Zealand,Sri Lanka
Bharat Ratna Shri Atal Bihari Vajpayee Ekana Cricket Stadium,West Indies,Afghanistan,West Indies
Bharat Ratna Shri Atal Bihari Vajpayee Ekana Cricket Stadium,Afghanistan,West Indies,Afghanistan
Bharat Ratna Shri Atal Bihari Vajpayee Ekana Cricket Stadium,Afghanistan,West Indies,Afghanistan
Shere Bangla National Stadium,Zimbabwe,Bangladesh,Bangladesh
Shere Bangla National Stadium,Afghanistan,Zimbabwe,Afghanistan
Shere Bangla National Stadium,Afghanistan,Bangladesh,Afghanistan
Zahur Ahmed Chowdhury Stadium,Bangladesh,Zimbabwe,Bangladesh
Zahur Ahmed Chowdhury Stadium,Afghanistan,Zimbabwe,Zimbabwe
Zahur Ahmed Chowdhury Stadium,Afghanistan,Bangladesh,Bangladesh
White Hill Field,Bermuda,United States of America,Bermuda
White Hill Field,Canada,Cayman Islands,Canada
National Stadium,Cayman Islands,United States of America,United States of America
White Hill Field,Cayman Islands,Bermuda,Bermuda
White Hill Field,United States of America,Canada,Canada
White Hill Field,Cayman Islands,Canada,Canada
White Hill Field,Cayman Islands,United States of America,United States of America
White Hill Field,Canada,United States of America,Canada
White Hill Field,Cayman Islands,Bermuda,Bermuda
United Cricket Club Ground,Namibia,Botswana,Namibia
United Cricket Club Ground,Namibia,Botswana,Namibia
United Cricket Club Ground,Namibia,Botswana,Namibia
United Cricket Club Ground,Botswana,Namibia,Namibia
Al Amerat Cricket Ground Oman Cricket (Ministry Turf 1),Netherlands,Ireland,Ireland
Al Amerat Cricket Ground Oman Cricket (Ministry Turf 1),Oman,Ireland,Oman
Al Amerat Cricket Ground Oman Cricket (Ministry Turf 1),Hong Kong,Nepal,Nepal
Al Amerat Cricket Ground Oman Cricket (Ministry Turf 1),Netherlands,Nepal,Nepal
Al Amerat Cricket Ground Oman Cricket (Ministry Turf 1),Ireland,Hong Kong,Ireland
Al Amerat Cricket Ground Oman Cricket (Ministry Turf 1),Ireland,Nepal,Ireland
Al Amerat Cricket Ground Oman Cricket (Ministry Turf 1),Netherlands,Oman,Oman
Al Amerat Cricket Ground Oman Cricket (Ministry Turf 1),Netherlands,Hong Kong,Netherlands
Al Amerat Cricket Ground Oman Cricket (Ministry Turf 1),Nepal,Oman,Oman
The Rose Bowl,England,Australia,England
The Rose Bowl,Australia,England,England
The Rose Bowl,England,Australia,Australia
Old Trafford,Pakistan,England,England
Old Trafford,Pakistan,England,Pakistan
Gaddafi Stadium,Sri Lanka,Pakistan,Sri Lanka
Gaddafi Stadium,Sri Lanka,Pakistan,Sri Lanka
Gaddafi Stadium,Sri Lanka,Pakistan,Sri Lanka
ICC Academy,Singapore,Scotland,Singapore
Sheikh Zayed Stadium,Hong Kong,Ireland,Ireland
ICC Academy,Netherlands,Kenya,Netherlands
Sheikh Zayed Stadium,United Arab Emirates,Oman,Oman
ICC Academy,Bermuda,Papua New Guinea,Papua New Guinea
Sheikh Zayed Stadium,Jersey,Nigeria,Jersey
ICC Academy,Netherlands,Namibia,Netherlands
ICC Academy Ground No 2,Scotland,Kenya,Scotland
Sheikh Zayed Stadium,Ireland,United Arab Emirates,United Arab Emirates
ICC Academy Ground No 2,Papua New Guinea,Namibia,Papua New Guinea
Tolerance Oval,Canada,Jersey,Canada
ICC Academy Ground No 2,Bermuda,Singapore,Singapore
Sheikh Zayed Stadium,Hong Kong,Oman,Oman
ICC Academy,Scotland,Papua New Guinea,Scotland
Sheikh Zayed Stadium,Hong Kong,United Arab Emirates,United Arab Emirates
Tolerance Oval,Ireland,Oman,Ireland
ICC Academy,Kenya,Bermuda,Kenya
Sheikh Zayed Stadium,Canada,Nigeria,Canada
ICC Academy,Namibia,Scotland,Namibia
ICC Academy,Singapore,Netherlands,Netherlands
Tolerance Oval,Jersey,United Arab Emirates,Jersey
ICC Academy Ground No 2,Bermuda,Namibia,Namibia
Tolerance Oval,Nigeria,Oman,Oman
ICC Academy Ground No 2,Singapore,Kenya,Kenya
Sheikh Zayed Stadium,Canada,Ireland,Canada
Sheikh Zayed Stadium,Hong Kong,Jersey,Hong Kong
ICC Academy,Netherlands,Papua New Guinea,Papua New Guinea
Tolerance Oval,Nigeria,United Arab Emirates,United Arab Emirates
Tolerance Oval,Hong Kong,Canada,Hong Kong
Dubai International Cricket Stadium,Scotland,Bermuda,Scotland
Dubai International Cricket Stadium,Papua New Guinea,Singapore,Papua New Guinea
Tolerance Oval,Jersey,Ireland,Ireland
Dubai International Cricket Stadium,Namibia,Kenya,Namibia
Sheikh Zayed Stadium,Canada,Oman,Oman
Sheikh Zayed Stadium,Nigeria,Ireland,Ireland
Dubai International Cricket Stadium,Netherlands,Bermuda,Netherlands
Dubai International Cricket Stadium,Namibia,Singapore,Namibia
Dubai International Cricket Stadium,Papua New Guinea,Kenya,Papua New Guinea
Tolerance Oval,Nigeria,Hong Kong,Hong Kong
Sheikh Zayed Stadium,Jersey,Oman,Jersey
Dubai International Cricket Stadium,Scotland,Netherlands,Netherlands
Sheikh Zayed Stadium,United Arab Emirates,Canada,United Arab Emirates
Dubai International Cricket Stadium,United Arab Emirates,Netherlands,Netherlands
Dubai International Cricket Stadium,Namibia,Oman,Namibia
Dubai International Cricket Stadium,Scotland,United Arab Emirates,Scotland
Dubai International Cricket Stadium,Oman,Hong Kong,Oman
ICC Academy,Oman,Scotland,Scotland
Dubai International Cricket Stadium,Netherlands,Ireland,Netherlands
Dubai International Cricket Stadium,Papua New Guinea,Namibia,Papua New Guinea
Dubai International Cricket Stadium,Ireland,Namibia,Ireland
Dubai International Cricket Stadium,Papua New Guinea,Netherlands,Netherlands
The Village,Scotland,Netherlands,Scotland
The Village,Scotland,Ireland,Ireland
The Village,Ireland,Netherlands,Netherlands
The Village,Netherlands,Scotland,Scotland
La Manga Club Bottom Ground,Portugal,Spain,Spain
La Manga Club Bottom Ground,Gibraltar,Portugal,Portugal
La Manga Club Bottom Ground,Gibraltar,Spain,Spain
La Manga Club Bottom Ground,Spain,Portugal,Spain
La Manga Club Bottom Ground,Gibraltar,Spain,Spain
Indian Association Ground,Nepal,Zimbabwe,Zimbabwe
Indian Association Ground,Singapore,Nepal,Nepal
Indian Association Ground,Singapore,Zimbabwe,Singapore
Indian Association Ground,Zimbabwe,Nepal,Zimbabwe
Indian Association Ground,Singapore,Zimbabwe,Zimbabwe
Kinrara Academy Oval,Vanuatu,Malaysia,Vanuatu
Kinrara Academy Oval,Vanuatu,Malaysia,Vanuatu
Kinrara Academy Oval,Malaysia,Vanuatu,Malaysia
Kinrara Academy Oval,Malaysia,Vanuatu,Vanuatu
Kinrara Academy Oval,Malaysia,Vanuatu,Malaysia
Holkar Cricket Stadium,Sri Lanka,India,India
Maharashtra Cricket Association Stadium,India,Sri Lanka,India
National Cricket Stadium,Ireland,West Indies,Ireland
Warner Park,Ireland,West Indies,West Indies
Desert Springs Cricket Ground,Germany,Spain,Spain
Desert Springs Cricket Ground,Germany,Spain,Germany
Tribhuvan University International Cricket Ground,Nepal,Bhutan,Nepal
Tribhuvan University International Cricket Ground,Nepal,Maldives,Nepal
Tribhuvan University International Cricket Ground,Bhutan,Maldives,Maldives
Tribhuvan University International Cricket Ground,Maldives,Nepal,Nepal
Gaddafi Stadium,Bangladesh,Pakistan,Pakistan
Gaddafi Stadium,Bangladesh,Pakistan,Pakistan
Pallekele International Cricket Stadium,West Indies,Sri Lanka,West Indies
Pallekele International Cricket Stadium,Sri Lanka,West Indies,West Indies
Shere Bangla National Stadium,Bangladesh,Zimbabwe,Bangladesh
Shere Bangla National Stadium,Zimbabwe,Bangladesh,Bangladesh
Kinrara Academy Oval,Malaysia,Hong Kong,Malaysia
Kinrara Academy Oval,Malaysia,Hong Kong,Malaysia
Kinrara Academy Oval,Malaysia,Hong Kong,Malaysia
Kinrara Academy Oval,Malaysia,Hong Kong,Malaysia
Kinrara Academy Oval,Hong Kong,Malaysia,Malaysia
Al Amerat Cricket Ground Oman Cricket (Ministry Turf 1),Maldives,Oman,Oman
Al Amerat Cricket Ground Oman Cricket (Ministry Turf 2),United Arab Emirates,Saudi Arabia,United Arab Emirates
Al Amerat Cricket Ground Oman Cricket (Ministry Turf 1),Qatar,Bahrain,Bahrain
Al Amerat Cricket Ground Oman Cricket (Ministry Turf 2),Iran,Kuwait,Kuwait
Al Amerat Cricket Ground Oman Cricket (Ministry Turf 1),Kuwait,Bahrain,Kuwait
Al Amerat Cricket Ground Oman Cricket (Ministry Turf 2),United Arab Emirates,Qatar,United Arab Emirates
Al Amerat Cricket Ground Oman Cricket (Ministry Turf 1),United Arab Emirates,Kuwait,United Arab Emirates
Greater Noida Sports Complex Ground,Ireland,Afghanistan,Afghanistan
Greater Noida Sports Complex Ground,Afghanistan,Ireland,Afghanistan
Terdthai Cricket Ground,Singapore,Thailand,Singapore
Terdthai Cricket Ground,Hong Kong,Nepal,Hong Kong
Terdthai Cricket Ground,Thailand,Malaysia,Malaysia
Terdthai Cricket Ground,Singapore,Malaysia,Singapore
Terdthai Cricket Ground,Thailand,Hong Kong,Hong Kong
Terdthai Cricket Ground,Thailand,Nepal,Nepal
Terdthai Cricket Ground,Singapore,Hong Kong,Singapore
Terdthai Cricket Ground,Malaysia,Hong Kong,Hong Kong
Manuka Oval,India,Australia,India
Sydney Cricket Ground,Australia,India,India
Sydney Cricket Ground,Australia,India,Australia
Pierre Werner Cricket Ground,Belgium,Luxembourg,Belgium
Pierre Werner Cricket Ground,Belgium,Czech Republic,Belgium
Pierre Werner Cricket Ground,Belgium,Luxembourg,Belgium
College Field,Isle of Man,Guernsey,Guernsey
Rawalpindi Cricket Stadium,Zimbabwe,Pakistan,Pakistan
Rawalpindi Cricket Stadium,Zimbabwe,Pakistan,Pakistan
Rawalpindi Cricket Stadium,Zimbabwe,Pakistan,Pakistan
Eden Park,West Indies,New Zealand,New Zealand
Bay Oval,New Zealand,West Indies,New Zealand
Eden Park,Pakistan,New Zealand,New Zealand
Seddon Park,Pakistan,New Zealand,New Zealand
McLean Park,New Zealand,Pakistan,Pakistan
Hagley Oval,New Zealand,Australia,New Zealand
University Oval,New Zealand,Australia,New Zealand
Westpac Stadium,Australia,New Zealand,Australia
Westpac Stadium,Australia,New Zealand,Australia
Sky Stadium,Australia,New Zealand,New Zealand
Seddon Park,New Zealand,Bangladesh,New Zealand
McLean Park,New Zealand,Bangladesh,New Zealand
Eden Park,New Zealand,Bangladesh,New Zealand
Moara Vlasiei Cricket Ground,Bulgaria,Romania,Bulgaria
Moara Vlasiei Cricket Ground,Romania,Bulgaria,Romania
Moara Vlasiei Cricket Ground,Bulgaria,Romania,Romania
Newlands,South Africa,England,England
Boland Park,South Africa,England,England
Newlands,South Africa,England,England
Trent Bridge,Pakistan,England,Pakistan
Headingley,England,Pakistan,England
Old Trafford,Pakistan,England,England
Gaddafi Stadium,Pakistan,South Africa,Pakistan
Gaddafi Stadium,Pakistan,South Africa,South Africa
Gaddafi Stadium,South Africa,Pakistan,Pakistan
Narendra Modi Stadium,England,India,India
Narendra Modi Stadium,India,England,England
Narendra Modi Stadium,India,England,India
Narendra Modi Stadium,India,England,India
Sophia Gardens,Sri Lanka,England,England
Sophia Gardens,Sri Lanka,England,England
The Rose Bowl,England,Sri Lanka,England
The Wanderers Stadium,South Africa,Pakistan,Pakistan
The Wanderers Stadium,Pakistan,South Africa,South Africa
SuperSport Park,South Africa,Pakistan,Pakistan
SuperSport Park,South Africa,Pakistan,Pakistan
The Village,South Africa,Ireland,South Africa
Civil Service Cricket Club,South Africa,Ireland,South Africa
Civil Service Cricket Club,South Africa,Ireland,South Africa
Sheikh Zayed Stadium,Afghanistan,Zimbabwe,Afghanistan
Sheikh Zayed Stadium,Afghanistan,Zimbabwe,Afghanistan
Sheikh Zayed Stadium,Afghanistan,Zimbabwe,Afghanistan
Coolidge Cricket Ground,Sri Lanka,West Indies,West Indies
Coolidge Cricket Ground,Sri Lanka,West Indies,Sri Lanka
Coolidge Cricket Ground,Sri Lanka,West Indies,West Indies
Kensington Oval,England,West Indies,West Indies
Kensington Oval,England,West Indies,England
Kensington Oval,West Indies,England,West Indies
Kensington Oval,England,West Indies,England
Kensington Oval,West Indies,England,West Indies
Harare Sports Club,Pakistan,Zimbabwe,Pakistan
Harare Sports Club,Zimbabwe,Pakistan,Zimbabwe
Harare Sports Club,Pakistan,Zimbabwe,Pakistan
Wanderers,Uganda,Namibia,Namibia
Wanderers Cricket Ground,Namibia,Uganda,Namibia
Wanderers Cricket Ground,Namibia,Uganda,Namibia
Tribhuvan University International Cricket Ground,Netherlands,Nepal,Nepal
Tribhuvan University International Cricket Ground,Netherlands,Malaysia,Netherlands
Tribhuvan University International Cricket Ground,Malaysia,Nepal,Nepal
Tribhuvan University International Cricket Ground,Nepal,Netherlands,Netherlands
Tribhuvan University International Cricket Ground,Nepal,Malaysia,Nepal
Tribhuvan University International Cricket Ground,Nepal,Netherlands,Nepal
R Premadasa Stadium,India,Sri Lanka,India
R Premadasa Stadium,India,Sri Lanka,Sri Lanka
R Premadasa Stadium,India,Sri Lanka,Sri Lanka
National Cricket Stadium,South Africa,West Indies,West Indies
National Cricket Stadium,South Africa,West Indies,South Africa
National Cricket Stadium,South Africa,West Indies,South Africa
National Cricket Stadium,West Indies,South Africa,West Indies
National Cricket Stadium,South Africa,West Indies,South Africa
Darren Sammy National Cricket Stadium,West Indies,Australia,West Indies
Darren Sammy National Cricket Stadium,West Indies,Australia,West Indies
Darren Sammy National Cricket Stadium,Australia,West Indies,West Indies
Darren Sammy National Cricket Stadium,Australia,West Indies,Australia
Darren Sammy National Cricket Stadium,West Indies,Australia,West Indies
Providence Stadium,Pakistan,West Indies,Pakistan
Sydney Cricket Ground,Australia,Sri Lanka,Australia
Manuka Oval,Sri Lanka,Australia,Australia
Melbourne Cricket Ground,Sri Lanka,Australia,Australia
Melbourne Cricket Ground,Australia,Sri Lanka,Sri Lanka
Scott Page Field,Luxembourg,Czech Republic,Czech Republic
Scott Page Field,Austria,Czech Republic,Austria
Scott Page Field,Czech Republic,Luxembourg,Luxembourg
Scott Page Field,Austria,Luxembourg,Luxembourg
Scott Page Field,Czech Republic,Austria,Austria
National Sports Academy,Greece,Romania,Romania
National Sports Academy,Serbia,Greece,Greece
National Sports Academy,Bulgaria,Romania,Romania
National Sports Academy,Romania,Serbia,Romania
National Sports Academy,Serbia,Romania,Romania
Harare Sports Club,Zimbabwe,Bangladesh,Bangladesh
Harare Sports Club,Zimbabwe,Bangladesh,Zimbabwe
Harare Sports Club,Zimbabwe,Bangladesh,Bangladesh
Marsa Sports Club,Belgium,Malta,Malta
Marsa Sports Club,Malta,Belgium,Belgium
Marsa Sports Club,Malta,Belgium,Belgium
Marsa Sports Club,Belgium,Malta,Malta
Marsa Sports Club,Belgium,Malta,Belgium
Shere Bangla National Stadium,Bangladesh,Australia,Bangladesh
Shere Bangla National Stadium,Australia,Bangladesh,Bangladesh
Shere Bangla National Stadium,Bangladesh,Australia,Bangladesh
Shere Bangla National Stadium,Bangladesh,Australia,Australia
Shere Bangla National Stadium,Bangladesh,Australia,Bangladesh
Bayer Uerdingen Cricket Ground,Norway,Germany,Germany
Bayer Uerdingen Cricket Ground,Norway,France,France
Bayer Uerdingen Cricket Ground,France,Germany,Germany
Bayer Uerdingen Cricket Ground,Germany,France,Germany
Bayer Uerdingen Cricket Ground,Norway,France,Norway
Bayer Uerdingen Cricket Ground,Norway,Germany,Norway
Bayer Uerdingen Cricket Ground,Norway,Germany,Germany
R Premadasa Stadium,South Africa,Sri Lanka,South Africa
R Premadasa Stadium,Sri Lanka,South Africa,South Africa
R Premadasa Stadium,Sri Lanka,South Africa,South Africa
Shere Bangla National Stadium,New Zealand,Bangladesh,Bangladesh
Shere Bangla National Stadium,Bangladesh,New Zealand,Bangladesh
Shere Bangla National Stadium,New Zealand,Bangladesh,New Zealand
Shere Bangla National Stadium,New Zealand,Bangladesh,Bangladesh
Shere Bangla National Stadium,New Zealand,Bangladesh,New Zealand
Castle Avenue,Zimbabwe,Ireland,Zimbabwe
Castle Avenue,Zimbabwe,Ireland,Ireland
Bready Cricket Club,Ireland,Zimbabwe,Ireland
Bready Cricket Club,Ireland,Zimbabwe,Ireland
Bready Cricket Club,Zimbabwe,Ireland,Zimbabwe
Svanholm Park,Denmark,Sweden,Sweden
Svanholm Park,Sweden,Denmark,Denmark
Gucherre Cricket Ground,Gibraltar,Malta,Malta
Gucherre Cricket Ground,Portugal,Gibraltar,Portugal
Gucherre Cricket Ground,Malta,Gibraltar,Malta
Gucherre Cricket Ground,Portugal,Gibraltar,Portugal
Gahanga International Cricket Stadium. Rwanda,Ghana,Rwanda,Rwanda
Gahanga International Cricket Stadium. Rwanda,Rwanda,Ghana,Rwanda
Gahanga International Cricket Stadium. Rwanda,Ghana,Rwanda,Ghana
Gahanga International Cricket Stadium. Rwanda,Rwanda,Ghana,Ghana
Kerava National Cricket Ground,Sweden,Finland,Finland
Kerava National Cricket Ground,Sweden,Finland,Finland
Kerava National Cricket Ground,Finland,Sweden,Sweden
Kerava National Cricket Ground,Finland,Sweden,Sweden
Grange Cricket Club Ground,Scotland,Zimbabwe,Scotland
Grange Cricket Club Ground,Zimbabwe,Scotland,Zimbabwe
Grange Cricket Club Ground,Scotland,Zimbabwe,Zimbabwe
Al Amerat Cricket Ground Oman Cricket (Ministry Turf 1),Papua New Guinea,Oman,Oman
Al Amerat Cricket Ground Oman Cricket (Ministry Turf 1),Scotland,Bangladesh,Scotland
Zayed Cricket Stadium,Netherlands,Ireland,Ireland
Zayed Cricket Stadium,Namibia,Sri Lanka,Sri Lanka
Al Amerat Cricket Ground Oman Cricket (Ministry Turf 1),Scotland,Papua New Guinea,Scotland
Al Amerat Cricket Ground Oman Cricket (Ministry Turf 1),Bangladesh,Oman,Bangladesh
Zayed Cricket Stadium,Netherlands,Namibia,Namibia
Zayed Cricket Stadium,Sri Lanka,Ireland,Sri Lanka
Al Amerat Cricket Ground Oman Cricket (Ministry Turf 1),Bangladesh,Papua New Guinea,Bangladesh
Al Amerat Cricket Ground Oman Cricket (Ministry Turf 1),Oman,Scotland,Scotland
Sharjah Cricket Stadium,Ireland,Namibia,Namibia
Sharjah Cricket Stadium,Netherlands,Sri Lanka,Sri Lanka
Zayed Cricket Stadium,South Africa,Australia,Australia
Dubai International Cricket Stadium,West Indies,England,England
Sharjah Cricket Stadium,Bangladesh,Sri Lanka,Sri Lanka
Dubai International Cricket Stadium,India,Pakistan,Pakistan
Sharjah Cricket Stadium,Afghanistan,Scotland,Afghanistan
Dubai International Cricket Stadium,West Indies,South Africa,South Africa
Sharjah Cricket Stadium,New Zealand,Pakistan,Pakistan
Zayed Cricket Stadium,Bangladesh,England,England
Zayed Cricket Stadium,Scotland,Namibia,Namibia
Dubai International Cricket Stadium,Sri Lanka,Australia,Australia
Sharjah Cricket Stadium,West Indies,Bangladesh,West Indies
Dubai International Cricket Stadium,Afghanistan,Pakistan,Pakistan
Sharjah Cricket Stadium,Sri Lanka,South Africa,South Africa
Dubai International Cricket Stadium,Australia,England,England
Zayed Cricket Stadium,Afghanistan,Namibia,Afghanistan
Dubai International Cricket Stadium,India,New Zealand,New Zealand
Sharjah Cricket Stadium,England,Sri Lanka,England
Zayed Cricket Stadium,Bangladesh,South Africa,South Africa
Zayed Cricket Stadium,Pakistan,Namibia,Pakistan
Dubai International Cricket Stadium,New Zealand,Scotland,New Zealand
Zayed Cricket Stadium,India,Afghanistan,India
Dubai International Cricket Stadium,Bangladesh,Australia,Australia
Zayed Cricket Stadium,Sri Lanka,West Indies,Sri Lanka
Sharjah Cricket Stadium,New Zealand,Namibia,New Zealand
Dubai International Cricket Stadium,Scotland,India,India
Zayed Cricket Stadium,West Indies,Australia,Australia
Sharjah Cricket Stadium,South Africa,England,South Africa
Zayed Cricket Stadium,Afghanistan,New Zealand,New Zealand
Sharjah Cricket Stadium,Pakistan,Scotland,Pakistan
Dubai International Cricket Stadium,Namibia,India,India
Zayed Cricket Stadium,England,New Zealand,New Zealand
Dubai International Cricket Stadium,Pakistan,Australia,Australia
Dubai International Cricket Stadium,New Zealand,Australia,Australia
Entebbe Cricket Oval,Nigeria,Kenya,Kenya
Entebbe Cricket Oval,Uganda,Nigeria,Uganda
Entebbe Cricket Oval,Kenya,Nigeria,Kenya
Entebbe Cricket Oval,Nigeria,Uganda,Uganda
Entebbe Cricket Oval,Kenya,Uganda,Kenya
Entebbe Cricket Oval,Nigeria,Kenya,Nigeria
Entebbe Cricket Oval,Uganda,Nigeria,Uganda
Entebbe Cricket Oval,Uganda,Kenya,Uganda
Desert Springs Cricket Ground,Spain,Germany,Germany
Desert Springs Cricket Ground,Germany,Spain,Spain
Desert Springs Cricket Ground,Germany,Spain,Spain
Moara Vlasiei Cricket Ground,Romania,Czech Republic,Romania
Moara Vlasiei Cricket Ground,Luxembourg,Bulgaria,Luxembourg
Moara Vlasiei Cricket Ground,Hungary,Czech Republic,Hungary
Moara Vlasiei Cricket Ground,Bulgaria,Malta,Malta
Moara Vlasiei Cricket Ground,Romania,Hungary,Romania
Moara Vlasiei Cricket Ground,Luxembourg,Hungary,Luxembourg
Moara Vlasiei Cricket Ground,Romania,Malta,Romania
Moara Vlasiei Cricket Ground,Malta,Hungary,Hungary
Moara Vlasiei Cricket Ground,Romania,Luxembourg,Romania
The Rose Bowl,India,England,India
Edgbaston,India,England,India
Trent Bridge,England,India,England
County Ground,England,South Africa,England
Sophia Gardens,South Africa,England,South Africa
The Rose Bowl,South Africa,England,South Africa
Shere Bangla National Stadium,Bangladesh,Pakistan,Pakistan
Shere Bangla National Stadium,Bangladesh,Pakistan,Pakistan
Shere Bangla National Stadium,Bangladesh,Pakistan,Pakistan
Sawai Mansingh Stadium,New Zealand,India,India
JSCA International Stadium Complex,New Zealand,India,India
Eden Gardens,India,New Zealand,India
Eden Gardens,West Indies,India,India
Eden Gardens,India,West Indies,India
Eden Gardens,India,West Indies,India
Bharat Ratna Shri Atal Bihari Vajpayee Ekana Cricket Stadium,India,Sri Lanka,India
Himachal Pradesh Cricket Association Stadium,Sri Lanka,India,India
Himachal Pradesh Cricket Association Stadium,Sri Lanka,India,India
Arun Jaitley Stadium,India,South Africa,South Africa
Barabati Stadium,India,South Africa,South Africa
Dr. Y.S. Rajasekhara Reddy ACA-VDCA Cricket Stadium,India,South Africa,India
Saurashtra Cricket Association Stadium,India,South Africa,India
Happy Valley Ground,Estonia,Cyprus,Cyprus
Happy Valley Ground,Estonia,Cyprus,Cyprus
Happy Valley Ground,Cyprus,Isle of Man,Isle of Man
Happy Valley Ground,Estonia,Isle of Man,Isle of Man
Happy Valley Ground,Cyprus,Isle of Man,Isle of Man
Happy Valley Ground,Cyprus,Estonia,Cyprus
Happy Valley Ground,Estonia,Isle of Man,Isle of Man
ICC Academy,Namibia,United Arab Emirates,Namibia
ICC Academy,Scotland,Namibia,Namibia
ICC Academy,Namibia,Papua New Guinea,Namibia
ICC Academy,United Arab Emirates,Ireland,Ireland
ICC Academy,United Arab Emirates,Ireland,United Arab Emirates
ICC Academy,Ireland,United Arab Emirates,United Arab Emirates
ICC Academy,Papua New Guinea,Scotland,Scotland
Marsa Sports Club,Malta,Gibraltar,Malta
Marsa Sports Club,Gibraltar,Switzerland,Switzerland
Marsa Sports Club,Bulgaria,Switzerland,Switzerland
Marsa Sports Club,Switzerland,Malta,Switzerland
Marsa Sports Club,Gibraltar,Bulgaria,Bulgaria
Marsa Sports Club,Malta,Switzerland,Malta
Desert Springs Cricket Ground,Jersey,Germany,Jersey
Desert Springs Cricket Ground,Denmark,Italy,Italy
Desert Springs Cricket Ground,Denmark,Germany,Germany
Desert Springs Cricket Ground,Jersey,Italy,Jersey
Desert Springs Cricket Ground,Jersey,Denmark,Jersey
Desert Springs Cricket Ground,Italy,Germany,Germany
Desert Springs Cricket Ground,Italy,Denmark,Italy
Desert Springs Cricket Ground,Germany,Jersey,Jersey
Desert Springs Cricket Ground,Italy,Jersey,Jersey
Desert Springs Cricket Ground,Germany,Denmark,Germany
Desert Springs Cricket Ground,Italy,Germany,Italy
Desert Springs Cricket Ground,Denmark,Jersey,Jersey
Gahanga International Cricket Stadium. Rwanda,Rwanda,Ghana,Ghana
Integrated Polytechnic Regional Centre,Swaziland,Lesotho,Swaziland
Gahanga International Cricket Stadium. Rwanda,Seychelles,Ghana,Ghana
Integrated Polytechnic Regional Centre,Malawi,Uganda,Uganda
Gahanga International Cricket Stadium. Rwanda,Lesotho,Seychelles,Seychelles
Integrated Polytechnic Regional Centre,Swaziland,Malawi,Malawi
Gahanga International Cricket Stadium. Rwanda,Ghana,Lesotho,Ghana
Integrated Polytechnic Regional Centre,Uganda,Rwanda,Uganda
Gahanga International Cricket Stadium. Rwanda,Malawi,Ghana,Ghana
Integrated Polytechnic Regional Centre,Lesotho,Uganda,Uganda
Integrated Polytechnic Regional Centre,Swaziland,Uganda,Uganda
Gahanga International Cricket Stadium. Rwanda,Malawi,Seychelles,Malawi
Integrated Polytechnic Regional Centre,Swaziland,Ghana,Ghana
Gahanga International Cricket Stadium. Rwanda,Swaziland,Seychelles,Seychelles
Integrated Polytechnic Regional Centre,Rwanda,Lesotho,Rwanda
Gahanga International Cricket Stadium. Rwanda,Uganda,Ghana,Uganda
Gahanga International Cricket Stadium. Rwanda,Swaziland,Rwanda,Rwanda
Integrated Polytechnic Regional Centre,Malawi,Lesotho,Malawi
Gahanga International Cricket Stadium. Rwanda,Malawi,Rwanda,Malawi
Integrated Polytechnic Regional Centre,Uganda,Seychelles,Uganda
Gahanga International Cricket Stadium. Rwanda,Botswana,Sierra Leone,Botswana
Gahanga International Cricket Stadium. Rwanda,Tanzania,Mozambique,Tanzania
Gahanga International Cricket Stadium. Rwanda,Mozambique,Cameroon,Mozambique
Gahanga International Cricket Stadium. Rwanda,Sierra Leone,Tanzania,Tanzania
Gahanga International Cricket Stadium. Rwanda,Cameroon,Botswana,Botswana
Gahanga International Cricket Stadium. Rwanda,Mozambique,Sierra Leone,Sierra Leone
Gahanga International Cricket Stadium. Rwanda,Botswana,Mozambique,Botswana
Gahanga International Cricket Stadium. Rwanda,Tanzania,Cameroon,Tanzania
Gahanga International Cricket Stadium. Rwanda,Cameroon,Sierra Leone,Sierra Leone
Gahanga International Cricket Stadium. Rwanda,Tanzania,Botswana,Tanzania
University of Lagos Cricket Oval,Nigeria,Sierra Leone,Sierra Leone
University of Lagos Cricket Oval,Nigeria,Sierra Leone,Nigeria
University of Lagos Cricket Oval,Sierra Leone,Nigeria,Nigeria
University of Lagos Cricket Oval,Nigeria,Sierra Leone,Nigeria
University of Lagos Cricket Oval,Nigeria,Sierra Leone,Nigeria
West End Park International Cricket Stadium,Qatar,Bahrain,Bahrain
West End Park International Cricket Stadium,Maldives,Saudi Arabia,Saudi Arabia
West End Park International Cricket Stadium,Bahrain,Kuwait,Kuwait
West End Park International Cricket Stadium,Qatar,Maldives,Qatar
West End Park International Cricket Stadium,Maldives,Bahrain,Bahrain
West End Park International Cricket Stadium,Maldives,Kuwait,Kuwait
West End Park International Cricket Stadium,Bahrain,Saudi Arabia,Bahrain
West End Park International Cricket Stadium,Kuwait,Qatar,Qatar
Coolidge Cricket Ground,Belize,United States of America,United States of America
Coolidge Cricket Ground,Canada,Belize,Canada
Sir Vivian Richards Stadium,Bahamas,Argentina,Bahamas
Coolidge Cricket Ground,Belize,Panama,Belize
Sir Vivian Richards Stadium,United States of America,Bermuda,United States of America
Sir Vivian Richards Stadium,Argentina,Belize,Argentina
Coolidge Cricket Ground,Bermuda,Bahamas,Bermuda
Sir Vivian Richards Stadium,Bahamas,Belize,Bahamas
Sir Vivian Richards Stadium,Argentina,United States of America,United States of America
Coolidge Cricket Ground,Bahamas,United States of America,United States of America
Sir Vivian Richards Stadium,Belize,Bermuda,Bermuda
Coolidge Cricket Ground,Panama,Bahamas,Panama
Sir Vivian Richards Stadium,Argentina,Canada,Canada
Coolidge Cricket Ground,Canada,Panama,Canada
National Stadium,Pakistan,West Indies,Pakistan
National Stadium,Pakistan,West Indies,Pakistan
National Stadium,West Indies,Pakistan,Pakistan
Gaddafi Stadium,Pakistan,Australia,Australia
Gahanga International Cricket Stadium. Rwanda,Nigeria,Tanzania,Tanzania
Integrated Polytechnic Regional Centre,Kenya,Uganda,Kenya
Gahanga International Cricket Stadium. Rwanda,Uganda,Nigeria,Uganda
Integrated Polytechnic Regional Centre,Tanzania,Kenya,Tanzania
Gahanga International Cricket Stadium. Rwanda,Tanzania,Uganda,Uganda
Integrated Polytechnic Regional Centre,Nigeria,Kenya,Kenya
Gahanga International Cricket Stadium. Rwanda,Tanzania,Kenya,Kenya
Integrated Polytechnic Regional Centre,Nigeria,Uganda,Uganda
Gahanga International Cricket Stadium. Rwanda,Tanzania,Uganda,Uganda
Integrated Polytechnic Regional Centre,Kenya,Nigeria,Kenya
Gahanga International Cricket Stadium. Rwanda,Kenya,Uganda,Uganda
Integrated Polytechnic Regional Centre,Tanzania,Nigeria,Tanzania
Central Broward Regional Park Stadium Turf Ground,United States of America,Ireland,United States of America
Central Broward Regional Park Stadium Turf Ground,Ireland,United States of America,Ireland
GMHBA Stadium,Namibia,Sri Lanka,Namibia
GMHBA Stadium,United Arab Emirates,Netherlands,Netherlands
Bellerive Oval,Scotland,West Indies,Scotland
Bellerive Oval,Zimbabwe,Ireland,Zimbabwe
GMHBA Stadium,Namibia,Netherlands,Netherlands
GMHBA Stadium,Sri Lanka,United Arab Emirates,Sri Lanka
Bellerive Oval,Scotland,Ireland,Ireland
Bellerive Oval,West Indies,Zimbabwe,West Indies
GMHBA Stadium,Sri Lanka,Netherlands,Sri Lanka
GMHBA Stadium,United Arab Emirates,Namibia,United Arab Emirates
Bellerive Oval,West Indies,Ireland,Ireland
Bellerive Oval,Scotland,Zimbabwe,Zimbabwe
Sydney Cricket Ground,New Zealand,Australia,New Zealand
Perth Stadium,Afghanistan,England,England
Bellerive Oval,Ireland,Sri Lanka,Sri Lanka
Melbourne Cricket Ground,Pakistan,India,India
Bellerive Oval,Bangladesh,Netherlands,Bangladesh
Perth Stadium,Sri Lanka,Australia,Australia
Melbourne Cricket Ground,Ireland,England,Ireland
Sydney Cricket Ground,South Africa,Bangladesh,South Africa
Sydney Cricket Ground,India,Netherlands,India
Perth Stadium,Zimbabwe,Pakistan,Zimbabwe
Sydney Cricket Ground,New Zealand,Sri Lanka,New Zealand
Brisbane Cricket Ground,Bangladesh,Zimbabwe,Bangladesh
Perth Stadium,Netherlands,Pakistan,Pakistan
Perth Stadium,India,South Africa,South Africa
Brisbane Cricket Ground,Australia,Ireland,Australia
Brisbane Cricket Ground,Afghanistan,Sri Lanka,Sri Lanka
Brisbane Cricket Ground,England,New Zealand,England
Adelaide Oval,Zimbabwe,Netherlands,Netherlands
Adelaide Oval,India,Bangladesh,India
Sydney Cricket Ground,Pakistan,South Africa,Pakistan
Adelaide Oval,New Zealand,Ireland,New Zealand
Adelaide Oval,Australia,Afghanistan,Australia
Sydney Cricket Ground,Sri Lanka,England,England
Adelaide Oval,Netherlands,South Africa,Netherlands
Adelaide Oval,Bangladesh,Pakistan,Pakistan
Melbourne Cricket Ground,India,Zimbabwe,India
Sydney Cricket Ground,New Zealand,Pakistan,Pakistan
Adelaide Oval,India,England,England
Melbourne Cricket Ground,Pakistan,England,England
Al Amerat Cricket Ground Oman Cricket (Ministry Turf 1),Nepal,Oman,Nepal
Al Amerat Cricket Ground Oman Cricket (Ministry Turf 2),Canada,Philippines,Canada
Al Amerat Cricket Ground Oman Cricket (Ministry Turf 1),United Arab Emirates,Ireland,United Arab Emirates
Al Amerat Cricket Ground Oman Cricket (Ministry Turf 2),Germany,Bahrain,Bahrain
Al Amerat Cricket Ground Oman Cricket (Ministry Turf 1),Canada,Oman,Oman
Al Amerat Cricket Ground Oman Cricket (Ministry Turf 2),Nepal,Philippines,Nepal
Al Amerat Cricket Ground Oman Cricket (Ministry Turf 1),United Arab Emirates,Germany,United Arab Emirates
Al Amerat Cricket Ground Oman Cricket (Ministry Turf 2),Ireland,Bahrain,Ireland
Al Amerat Cricket Ground Oman Cricket (Ministry Turf 1),Germany,Ireland,Ireland
Al Amerat Cricket Ground Oman Cricket (Ministry Turf 2),Bahrain,United Arab Emirates,Bahrain
Al Amerat Cricket Ground Oman Cricket (Ministry Turf 1),Canada,Nepal,Nepal
Al Amerat Cricket Ground Oman Cricket (Ministry Turf 2),Philippines,Oman,Oman
Al Amerat Cricket Ground Oman Cricket (Ministry Turf 1),Germany,Canada,Canada
Al Amerat Cricket Ground Oman Cricket (Ministry Turf 2),Bahrain,Philippines,Bahrain
Al Amerat Cricket Ground Oman Cricket (Ministry Turf 1),United Arab Emirates,Nepal,United Arab Emirates
Al Amerat Cricket Ground Oman Cricket (Ministry Turf 2),Ireland,Oman,Ireland
Al Amerat Cricket Ground Oman Cricket (Ministry Turf 1),Bahrain,Canada,Canada
Al Amerat Cricket Ground Oman Cricket (Ministry Turf 2),Philippines,Germany,Germany
Al Amerat Cricket Ground Oman Cricket (Ministry Turf 2),Oman,Nepal,Nepal
Al Amerat Cricket Ground Oman Cricket (Ministry Turf 1),Ireland,United Arab Emirates,United Arab Emirates
Al Amerat Cricket Ground Oman Cricket (Ministry Turf 1),United Arab Emirates,Ireland,United Arab Emirates
Al Amerat Cricket Ground Oman Cricket (Ministry Turf 1),Oman,Nepal,Nepal
Al Amerat Cricket Ground Oman Cricket (Ministry Turf 1),Oman,Ireland,Ireland
Al Amerat Cricket Ground Oman Cricket (Ministry Turf 1),United Arab Emirates,Oman,Oman
Al Amerat Cricket Ground Oman Cricket (Ministry Turf 1),Ireland,Nepal,Ireland
Al Amerat Cricket Ground Oman Cricket (Ministry Turf 1),United Arab Emirates,Nepal,United Arab Emirates
Shere Bangla National Stadium,Bangladesh,Afghanistan,Bangladesh
Shere Bangla National Stadium,Bangladesh,Afghanistan,Afghanistan
The Village,Ireland,India,India
The Village,India,Ireland,India
Civil Service Cricket Club,New Zealand,Ireland,New Zealand
Civil Service Cricket Club,New Zealand,Ireland,New Zealand
Civil Service Cricket Club,Ireland,New Zealand,New Zealand
County Ground,South Africa,Ireland,South Africa
County Ground,South Africa,Ireland,South Africa
Tribhuvan University International Cricket Ground,Nepal,Papua New Guinea,Nepal
Tribhuvan University International Cricket Ground,Malaysia,Papua New Guinea,Malaysia
Tribhuvan University International Cricket Ground,Malaysia,Nepal,Nepal
Tribhuvan University International Cricket Ground,Nepal,Papua New Guinea,Nepal
Tribhuvan University International Cricket Ground,Malaysia,Papua New Guinea,Papua New Guinea
Tribhuvan University International Cricket Ground,Nepal,Malaysia,Nepal
Tribhuvan University International Cricket Ground,Nepal,Papua New Guinea,Nepal
Civil Service Cricket Club,Afghanistan,Ireland,Ireland
Civil Service Cricket Club,Afghanistan,Ireland,Ireland
Civil Service Cricket Club,Afghanistan,Ireland,Afghanistan
Civil Service Cricket Club,Afghanistan,Ireland,Afghanistan
Civil Service Cricket Club,Afghanistan,Ireland,Ireland
R Premadasa Stadium,Sri Lanka,Australia,Australia
R Premadasa Stadium,Sri Lanka,Australia,Australia
Pallekele International Cricket Stadium,Australia,Sri Lanka,Sri Lanka
Grange Cricket Club Ground,New Zealand,Scotland,New Zealand
Grange Cricket Club Ground,New Zealand,Scotland,New Zealand
United Cricket Club Ground,Uganda,Namibia,Namibia
United Cricket Club Ground,Namibia,Uganda,Uganda
United Cricket Club Ground,Namibia,Uganda,Namibia
Desert Springs Cricket Ground,Norway,Guernsey,Norway
Desert Springs Cricket Ground,Spain,Norway,Spain
Desert Springs Cricket Ground,Norway,Guernsey,Guernsey
Desert Springs Cricket Ground,Guernsey,Spain,Spain
Desert Springs Cricket Ground,Spain,Guernsey,Guernsey
Desert Springs Cricket Ground,Spain,Norway,Spain
Svanholm Park,Denmark,Finland,Finland
Svanholm Park,Denmark,Finland,Denmark
Svanholm Park,Denmark,Finland,Denmark
Marsa Sports Club,Gibraltar,Malta,Malta
Marsa Sports Club,Malta,Hungary,Malta
Marsa Sports Club,Gibraltar,Hungary,Hungary
Marsa Sports Club,Romania,Malta,Malta
Marsa Sports Club,Czech Republic,Gibraltar,Czech Republic
Marsa Sports Club,Hungary,Bulgaria,Hungary
Marsa Sports Club,Malta,Czech Republic,Malta
Marsa Sports Club,Czech Republic,Bulgaria,Czech Republic
Marsa Sports Club,Romania,Hungary,Hungary
Marsa Sports Club,Gibraltar,Bulgaria,Gibraltar
Marsa Sports Club,Romania,Czech Republic,Romania
Marsa Sports Club,Bulgaria,Romania,Romania
Marsa Sports Club,Hungary,Czech Republic,Czech Republic
Marsa Sports Club,Gibraltar,Romania,Romania
Marsa Sports Club,Bulgaria,Malta,Malta
Marsa Sports Club,Gibraltar,Bulgaria,Bulgaria
Marsa Sports Club,Czech Republic,Hungary,Czech Republic
Marsa Sports Club,Romania,Malta,Romania
College Field,Jersey,Guernsey,Jersey
Sportpark Westvliet,New Zealand,Netherlands,New Zealand
Sportpark Westvliet,Netherlands,New Zealand,New Zealand
Queens Sports Club,Zimbabwe,Namibia,Zimbabwe
Queens Sports Club,Zimbabwe,Namibia,Namibia
Queens Sports Club,Namibia,Zimbabwe,Zimbabwe
Queens Sports Club,Zimbabwe,Namibia,Namibia
Queens Sports Club,Namibia,Zimbabwe,Namibia
Harare Sports Club,Zimbabwe,Afghanistan,Afghanistan
Harare Sports Club,Afghanistan,Zimbabwe,Afghanistan
Harare Sports Club,Afghanistan,Zimbabwe,Afghanistan
National Sports Academy,Serbia,Bulgaria,Bulgaria
National Sports Academy,Serbia,Bulgaria,Bulgaria
National Sports Academy,Serbia,Bulgaria,Bulgaria
National Sports Academy,Serbia,Bulgaria,Bulgaria
Windsor Park,West Indies,Bangladesh,West Indies
Providence Stadium,Bangladesh,West Indies,West Indies
Carrara Oval,West Indies,Australia,Australia
Brisbane Cricket Ground,Australia,West Indies,Australia
Perth Stadium,England,Australia,England
Manuka Oval,England,Australia,England
Brian Lara Stadium,India,West Indies,India
Warner Park,India,West Indies,West Indies
Warner Park,West Indies,India,India
Central Broward Regional Park Stadium Turf Ground,India,West Indies,India
Central Broward Regional Park Stadium Turf Ground,India,West Indies,India
Sabina Park,New Zealand,West Indies,New Zealand
Sabina Park,New Zealand,West Indies,New Zealand
Sabina Park,New Zealand,West Indies,West Indies
Bayer Uerdingen Cricket Ground,Germany,Austria,Germany
Bayer Uerdingen Cricket Ground,Sweden,Germany,Germany
Bayer Uerdingen Cricket Ground,Austria,Germany,Austria
Bayer Uerdingen Cricket Ground,Austria,Sweden,Austria
Bayer Uerdingen Cricket Ground,Austria,Sweden,Austria
Bayer Uerdingen Cricket Ground,Germany,Sweden,Germany
Meersen,Gibraltar,Belgium,Belgium
Meersen,Portugal,Malta,Portugal
Royal Brussels Cricket Club Ground,Denmark,Gibraltar,Denmark
Meersen,Israel,Spain,Spain
Royal Brussels Cricket Club Ground,Hungary,Belgium,Belgium
Meersen,Portugal,Spain,Spain
Royal Brussels Cricket Club Ground,Hungary,Gibraltar,Gibraltar
Meersen,Malta,Israel,Malta
Royal Brussels Cricket Club Ground,Belgium,Denmark,Belgium
Royal Brussels Cricket Club Ground,Belgium,Portugal,Portugal
Royal Brussels Cricket Club Ground,Denmark,Spain,Denmark
Royal Brussels Cricket Club Ground,Israel,Hungary,Israel
Royal Brussels Cricket Club Ground,Spain,Belgium,Belgium
Royal Brussels Cricket Club Ground,Gibraltar,Malta,Malta
Royal Brussels Cricket Club Ground,Portugal,Denmark,Denmark
Kerava National Cricket Ground,Cyprus,Isle of Man,Isle of Man
Tikkurila Cricket Ground,Finland,Sweden,Finland
Kerava National Cricket Ground,Romania,Turkey,Romania
Tikkurila Cricket Ground,Cyprus,Romania,Cyprus
Kerava National Cricket Ground,Croatia,Sweden,Sweden
Tikkurila Cricket Ground,Isle of Man,Serbia,Isle of Man
Kerava National Cricket Ground,Finland,Italy,Italy
Tikkurila Cricket Ground,Italy,Sweden,Italy
Kerava National Cricket Ground,Turkey,Serbia,Serbia
Tikkurila Cricket Ground,Croatia,Greece,Croatia
Kerava National Cricket Ground,Romania,Isle of Man,Isle of Man
Tikkurila Cricket Ground,Romania,Serbia,Romania
Kerava National Cricket Ground,Finland,Greece,Finland
Tikkurila Cricket Ground,Cyprus,Turkey,Cyprus
Kerava National Cricket Ground,Italy,Croatia,Italy
Tikkurila Cricket Ground,Sweden,Greece,Sweden
Kerava National Cricket Ground,Cyprus,Serbia,Serbia
Tikkurila Cricket Ground,Croatia,Finland,Finland
Kerava National Cricket Ground,Isle of Man,Turkey,Isle of Man
Tikkurila Cricket Ground,Serbia,Croatia,Croatia
Kerava National Cricket Ground,Finland,Cyprus,Finland
Tikkurila Cricket Ground,Romania,Sweden,Sweden
Kerava National Cricket Ground,Isle of Man,Italy,Italy
Tikkurila Cricket Ground,Austria,Luxembourg,Austria
Kerava National Cricket Ground,Estonia,Norway,Norway
Tikkurila Cricket Ground,Guernsey,Bulgaria,Guernsey
Kerava National Cricket Ground,France,Czech Republic,France
Kerava National Cricket Ground,Austria,Slovenia,Austria
Tikkurila Cricket Ground,France,Switzerland,Switzerland
Kerava National Cricket Ground,Guernsey,Luxembourg,Guernsey
Tikkurila Cricket Ground,Guernsey,Austria,Austria
Kerava National Cricket Ground,Switzerland,Estonia,Switzerland
Tikkurila Cricket Ground,Slovenia,Bulgaria,Bulgaria
Kerava National Cricket Ground,France,Norway,France
Tikkurila Cricket Ground,Norway,Switzerland,Norway
Kerava National Cricket Ground,Luxembourg,Bulgaria,Luxembourg
Tikkurila Cricket Ground,Czech Republic,Estonia,Czech Republic
Kerava National Cricket Ground,Slovenia,Guernsey,Guernsey
Kerava National Cricket Ground,Switzerland,Czech Republic,Czech Republic
Tikkurila Cricket Ground,Luxembourg,Slovenia,Luxembourg
Tikkurila Cricket Ground,Bulgaria,Czech Republic,Czech Republic
Kerava National Cricket Ground,Guernsey,France,Guernsey
Tikkurila Cricket Ground,Luxembourg,Switzerland,Luxembourg
Kerava National Cricket Ground,Norway,Austria,Austria
Scott Page Field,Luxembourg,Austria,Austria
Scott Page Field,Luxembourg,Czech Republic,Czech Republic
Scott Page Field,Czech Republic,Austria,Austria
Scott Page Field,Austria,Luxembourg,Austria
Scott Page Field,Czech Republic,Luxembourg,Czech Republic
Scott Page Field,Austria,Czech Republic,Czech Republic
Indian Association Ground,Malaysia,Singapore,Singapore
Indian Association Ground,Malaysia,Singapore,Malaysia
Indian Association Ground,Singapore,Malaysia,Malaysia
Queens Sports Club,Zimbabwe,Singapore,Zimbabwe
Bulawayo Athletic Club,Jersey,United States of America,United States of America
Queens Sports Club,Netherlands,Papua New Guinea,Netherlands
Bulawayo Athletic Club,Hong Kong,Uganda,Uganda
Queens Sports Club,Zimbabwe,Jersey,Zimbabwe
Bulawayo Athletic Club,United States of America,Singapore,United States of America
Queens Sports Club,Hong Kong,Netherlands,Netherlands
Bulawayo Athletic Club,Uganda,Papua New Guinea,Papua New Guinea
Queens Sports Club,Netherlands,Uganda,Netherlands
Bulawayo Athletic Club,Papua New Guinea,Hong Kong,Hong Kong
Queens Sports Club,Zimbabwe,United States of America,Zimbabwe
Queens Sports Club,Uganda,Jersey,Uganda
Bulawayo Athletic Club,Singapore,Hong Kong,Hong Kong
Queens Sports Club,Zimbabwe,Papua New Guinea,Zimbabwe
Bulawayo Athletic Club,United States of America,Netherlands,Netherlands
Queens Sports Club,Uganda,Hong Kong,Uganda
Bulawayo Athletic Club,Singapore,Jersey,Jersey
Bulawayo Athletic Club,Papua New Guinea,United States of America,Papua New Guinea
Queens Sports Club,Zimbabwe,Netherlands,Zimbabwe
UKM-YSD Cricket Oval,Malaysia,Bhutan,Malaysia
UKM-YSD Cricket Oval,Thailand,Malaysia,Malaysia
UKM-YSD Cricket Oval,Bhutan,Maldives,Bhutan
UKM-YSD Cricket Oval,Thailand,Bhutan,Bhutan
UKM-YSD Cricket Oval,Maldives,Malaysia,Malaysia
UKM-YSD Cricket Oval,Bhutan,Maldives,Bhutan
UKM-YSD Cricket Oval,Thailand,Malaysia,Malaysia
UKM-YSD Cricket Oval,Maldives,Thailand,Maldives
UKM-YSD Cricket Oval,Bhutan,Thailand,Bhutan
UKM-YSD Cricket Oval,Bhutan,Malaysia,Malaysia
Indian Association Ground,Singapore,Papua New Guinea,Singapore
Indian Association Ground,Singapore,Papua New Guinea,Papua New Guinea
Bay Oval,India,New Zealand,India
Hagley Oval,Pakistan,Bangladesh,Pakistan
Hagley Oval,New Zealand,Pakistan,Pakistan
Hagley Oval,Bangladesh,New Zealand,New Zealand
Hagley Oval,Pakistan,New Zealand,New Zealand
Hagley Oval,New Zealand,Bangladesh,New Zealand
Hagley Oval,Bangladesh,Pakistan,Pakistan
Hagley Oval,New Zealand,Pakistan,Pakistan
University Oval,Sri Lanka,New Zealand,New Zealand
John Davies Oval,Sri Lanka,New Zealand,New Zealand
Harare Sports Club,Zimbabwe,Bangladesh,Zimbabwe
Harare Sports Club,Zimbabwe,Bangladesh,Bangladesh
Harare Sports Club,Zimbabwe,Bangladesh,Zimbabwe
Lisicji Jarak Cricket Ground,Bulgaria,Serbia,Serbia
Lisicji Jarak Cricket Ground,Bulgaria,Serbia,Serbia
Lisicji Jarak Cricket Ground,Bulgaria,Serbia,Bulgaria
National Stadium,Pakistan,England,England
National Stadium,England,Pakistan,Pakistan
National Stadium,England,Pakistan,England
National Stadium,Pakistan,England,Pakistan
Gaddafi Stadium,Pakistan,England,Pakistan
Gaddafi Stadium,Pakistan,England,England
Gaddafi Stadium,England,Pakistan,England
Dubai International Cricket Stadium,Sri Lanka,Afghanistan,Afghanistan
Dubai International Cricket Stadium,Pakistan,India,India
Sharjah Cricket Stadium,Bangladesh,Afghanistan,Afghanistan
Dubai International Cricket Stadium,India,Hong Kong,India
Dubai International Cricket Stadium,Bangladesh,Sri Lanka,Sri Lanka
Sharjah Cricket Stadium,Pakistan,Hong Kong,Pakistan
Sharjah Cricket Stadium,Afghanistan,Sri Lanka,Sri Lanka
Dubai International Cricket Stadium,India,Pakistan,Pakistan
Dubai International Cricket Stadium,India,Sri Lanka,Sri Lanka
Sharjah Cricket Stadium,Afghanistan,Pakistan,Pakistan
Dubai International Cricket Stadium,India,Afghanistan,India
Dubai International Cricket Stadium,Pakistan,Sri Lanka,Sri Lanka
Dubai International Cricket Stadium,Sri Lanka,Pakistan,Sri Lanka
Punjab Cricket Association IS Bindra Stadium,India,Australia,Australia
Vidarbha Cricket Association Stadium,Australia,India,India
Rajiv Gandhi International Stadium,Australia,India,India
Greenfield International Stadium,South Africa,India,India
Barsapara Cricket Stadium,India,South Africa,India
Holkar Cricket Stadium,South Africa,India,South Africa
Al Amerat Cricket Ground Oman Cricket (Ministry Turf 1),Kuwait,Bahrain,Kuwait
Al Amerat Cricket Ground Oman Cricket (Ministry Turf 1),Bahrain,Kuwait,Kuwait
Al Amerat Cricket Ground Oman Cricket (Ministry Turf 1),Kuwait,Bahrain,Kuwait
Gymkhana Club Ground,Kenya,Nepal,Nepal
Gymkhana Club Ground,Kenya,Nepal,Nepal
Gymkhana Club Ground,Kenya,Nepal,Kenya
Gymkhana Club Ground,Nepal,Kenya,Nepal
Al Amerat Cricket Ground Oman Cricket (Ministry Turf 1),Hong Kong,Singapore,Hong Kong
Al Amerat Cricket Ground Oman Cricket (Ministry Turf 1),United Arab Emirates,Kuwait,Kuwait
Al Amerat Cricket Ground Oman Cricket (Ministry Turf 1),United Arab Emirates,Singapore,United Arab Emirates
Al Amerat Cricket Ground Oman Cricket (Ministry Turf 1),Kuwait,Hong Kong,Hong Kong
Al Amerat Cricket Ground Oman Cricket (Ministry Turf 1),Singapore,Kuwait,Kuwait
Al Amerat Cricket Ground Oman Cricket (Ministry Turf 1),United Arab Emirates,Hong Kong,Hong Kong
Willowmoore Park,Botswana,Uganda,Uganda
Willowmoore Park,Kenya,Tanzania,Tanzania
Willowmoore Park,Ghana,Mozambique,Ghana
Willowmoore Park,Ghana,Uganda,Uganda
Willowmoore Park,Uganda,Mozambique,Uganda
Willowmoore Park,Botswana,Mozambique,Botswana
Willowmoore Park,Tanzania,Malawi,Tanzania
Willowmoore Park,Cameroon,Kenya,Kenya
Willowmoore Park,Botswana,Ghana,Botswana
Willowmoore Park,Kenya,Uganda,Uganda
Willowmoore Park,Botswana,Tanzania,Tanzania
Willowmoore Park,Tanzania,Uganda,Uganda
Independence Park,Cook Islands,Fiji,Fiji
Independence Park,Samoa,Vanuatu,Vanuatu
Independence Park,Vanuatu,Cook Islands,Cook Islands
Independence Park,Samoa,Fiji,Fiji
Independence Park,Samoa,Cook Islands,Cook Islands
Independence Park,Vanuatu,Fiji,Vanuatu
Independence Park,Samoa,Vanuatu,Vanuatu
Independence Park,Fiji,Cook Islands,Cook Islands
Independence Park,Fiji,Samoa,Fiji
Independence Park,Vanuatu,Cook Islands,Vanuatu
Sano International Cricket Ground,Japan,Indonesia,Japan
Sano International Cricket Ground,Japan,Indonesia,Indonesia
Dubai International Cricket Stadium,Bangladesh,United Arab Emirates,Bangladesh
Dubai International Cricket Stadium,Bangladesh,United Arab Emirates,Bangladesh
Sano International Cricket Ground,Indonesia,South Korea,Indonesia
Sano International Cricket Ground,Japan,South Korea,Japan
Sano International Cricket Ground,Indonesia,Japan,Japan
Sano International Cricket Ground,Japan,Indonesia,Indonesia
Sano International Cricket Ground,South Korea,Indonesia,Indonesia
Desert Springs Cricket Ground,Italy,Germany,Germany
Desert Springs Cricket Ground,Italy,Germany,Germany
Desert Springs Cricket Ground,Italy,Spain,Spain
Desert Springs Cricket Ground,Germany,Spain,Germany
Desert Springs Cricket Ground,Spain,Germany,Spain
Desert Springs Cricket Ground,Italy,Spain,Italy
SuperSport Park,South Africa,West Indies,West Indies
SuperSport Park,West Indies,South Africa,South Africa
The Wanderers Stadium,West Indies,South Africa,West Indies
Gaddafi Stadium,Pakistan,New Zealand,Pakistan
Gaddafi Stadium,Pakistan,New Zealand,Pakistan
Gaddafi Stadium,New Zealand,Pakistan,New Zealand
Rawalpindi Cricket Stadium,Pakistan,New Zealand,New Zealand
Gahanga International Cricket Stadium. Rwanda,Botswana,Rwanda,Rwanda
Integrated Polytechnic Regional Centre,Lesotho,Mali,Lesotho
Gahanga International Cricket Stadium. Rwanda,Rwanda,St Helena,Rwanda
Integrated Polytechnic Regional Centre,Lesotho,Botswana,Botswana
Integrated Polytechnic Regional Centre,Mali,Kenya,Kenya
Gahanga International Cricket Stadium. Rwanda,Rwanda,Kenya,Kenya
Integrated Polytechnic Regional Centre,Kenya,Lesotho,Kenya
Gahanga International Cricket Stadium. Rwanda,Mali,Botswana,Botswana
Integrated Polytechnic Regional Centre,St Helena,Lesotho,St Helena
Gahanga International Cricket Stadium. Rwanda,St Helena,Malawi,Malawi
Integrated Polytechnic Regional Centre,Rwanda,Seychelles,Rwanda
Gahanga International Cricket Stadium. Rwanda,Botswana,Kenya,Kenya
Integrated Polytechnic Regional Centre,Mali,Rwanda,Rwanda
Gahanga International Cricket Stadium. Rwanda,Seychelles,Kenya,Kenya
Gahanga International Cricket Stadium. Rwanda,Sierra Leone,Tanzania,Tanzania
Gahanga International Cricket Stadium. Rwanda,Mozambique,Nigeria,Nigeria
Integrated Polytechnic Regional Centre,Gambia,Eswatini,Eswatini
Gahanga International Cricket Stadium. Rwanda,Sierra Leone,Nigeria,Nigeria
Integrated Polytechnic Regional Centre,Ghana,Mozambique,Mozambique
Gahanga International Cricket Stadium. Rwanda,Cameroon,Sierra Leone,Sierra Leone
Integrated Polytechnic Regional Centre,Eswatini,Mozambique,Mozambique
Gahanga International Cricket Stadium. Rwanda,Cameroon,Mozambique,Mozambique
Integrated Polytechnic Regional Centre,Nigeria,Eswatini,Nigeria
Gahanga International Cricket Stadium. Rwanda,Ghana,Tanzania,Tanzania
Gahanga International Cricket Stadium. Rwanda,Mozambique,Tanzania,Tanzania
Integrated Polytechnic Regional Centre,Sierra Leone,Eswatini,Sierra Leone
Gahanga International Cricket Stadium. Rwanda,Cameroon,Nigeria,Nigeria
Integrated Polytechnic Regional Centre,Ghana,Sierra Leone,Sierra Leone
Gahanga International Cricket Stadium. Rwanda,Tanzania,Eswatini,Tanzania
Integrated Polytechnic Regional Centre,Gambia,Sierra Leone,Sierra Leone
Gahanga International Cricket Stadium. Rwanda,Gambia,Tanzania,Tanzania
Gahanga International Cricket Stadium. Rwanda,Ghana,Gambia,Ghana
Integrated Polytechnic Regional Centre,Mozambique,Gambia,Mozambique
Integrated Polytechnic Regional Centre,Gambia,Cameroon,Gambia
Gahanga International Cricket Stadium. Rwanda,Ghana,Nigeria,Nigeria
Integrated Polytechnic Regional Centre,Tanzania,Cameroon,Tanzania
Al Amerat Cricket Ground Oman Cricket (Ministry Turf 1),Saudi Arabia,Oman,Oman
Al Amerat Cricket Ground Oman Cricket (Ministry Turf 1),Bahrain,Canada,Canada
Al Amerat Cricket Ground Oman Cricket (Ministry Turf 1),Canada,Saudi Arabia,Canada
Al Amerat Cricket Ground Oman Cricket (Ministry Turf 1),Oman,Bahrain,Bahrain
Al Amerat Cricket Ground Oman Cricket (Ministry Turf 1),Bahrain,Saudi Arabia,Bahrain
Al Amerat Cricket Ground Oman Cricket (Ministry Turf 1),Canada,Oman,Canada
Al Amerat Cricket Ground Oman Cricket (Ministry Turf 1),Saudi Arabia,Oman,Oman
Al Amerat Cricket Ground Oman Cricket (Ministry Turf 1),Canada,Bahrain,Bahrain
Al Amerat Cricket Ground Oman Cricket (Ministry Turf 1),Canada,Saudi Arabia,Canada
Al Amerat Cricket Ground Oman Cricket (Ministry Turf 1),Oman,Bahrain,Oman
Al Amerat Cricket Ground Oman Cricket (Ministry Turf 1),Oman,Canada,Canada
Al Amerat Cricket Ground Oman Cricket (Ministry Turf 1),Bahrain,Saudi Arabia,Saudi Arabia
Al Amerat Cricket Ground Oman Cricket (Ministry Turf 1),Saudi Arabia,Bahrain,Saudi Arabia
Al Amerat Cricket Ground Oman Cricket (Ministry Turf 1),Oman,Canada,Canada
Harare Sports Club,Ireland,Zimbabwe,Zimbabwe
Harare Sports Club,Zimbabwe,Ireland,Ireland
Harare Sports Club,Ireland,Zimbabwe,Zimbabwe
Wankhede Stadium,India,Sri Lanka,India
Maharashtra Cricket Association Stadium,Sri Lanka,India,Sri Lanka
Saurashtra Cricket Association Stadium,India,Sri Lanka,India
JSCA International Stadium Complex,New Zealand,India,New Zealand
Bharat Ratna Shri Atal Bihari Vajpayee Ekana Cricket Stadium,New Zealand,India,India
Narendra Modi Stadium,India,New Zealand,India
Gahanga International Cricket Stadium,Tanzania,Rwanda,Tanzania
Gahanga International Cricket Stadium,Uganda,Rwanda,Uganda
Gahanga International Cricket Stadium,Uganda,Rwanda,Uganda
Gahanga International Cricket Stadium,Uganda,Tanzania,Uganda
Gahanga International Cricket Stadium,Rwanda,Tanzania,Rwanda
Gahanga International Cricket Stadium,Uganda,Tanzania,Uganda
Gahanga International Cricket Stadium,Rwanda,Tanzania,Tanzania
Gahanga International Cricket Stadium,Uganda,Tanzania,Tanzania
Gahanga International Cricket Stadium,Tanzania,Rwanda,Tanzania
Gahanga International Cricket Stadium,Rwanda,Uganda,Uganda
Gahanga International Cricket Stadium,Tanzania,Rwanda,Tanzania
Gahanga International Cricket Stadium,Uganda,Tanzania,Uganda
Gahanga International Cricket Stadium,Uganda,Rwanda,Uganda
UKM-YSD Cricket Oval,Singapore,Qatar,Qatar
UKM-YSD Cricket Oval,Qatar,Malaysia,Malaysia
UKM-YSD Cricket Oval,Bahrain,Qatar,Bahrain
UKM-YSD Cricket Oval,Malaysia,Singapore,Malaysia
UKM-YSD Cricket Oval,Singapore,Qatar,Qatar
UKM-YSD Cricket Oval,Bahrain,Malaysia,Malaysia
UKM-YSD Cricket Oval,Singapore,Bahrain,Bahrain
UKM-YSD Cricket Oval,Malaysia,Singapore,Malaysia
UKM-YSD Cricket Oval,Singapore,Qatar,Qatar
UKM-YSD Cricket Oval,Malaysia,Bahrain,Bahrain
Zahur Ahmed Chowdhury Stadium,England,Bangladesh,Bangladesh
Shere Bangla National Stadium,England,Bangladesh,Bangladesh
Shere Bangla National Stadium,Bangladesh,England,Bangladesh
La Manga Club Bottom Ground,Isle of Man,Spain,Spain
La Manga Club Bottom Ground,Isle of Man,Spain,Spain
La Manga Club Bottom Ground,Isle of Man,Spain,Spain
La Manga Club Bottom Ground,Isle of Man,Spain,Spain
Zahur Ahmed Chowdhury Stadium,Bangladesh,Ireland,Bangladesh
Zahur Ahmed Chowdhury Stadium,Bangladesh,Ireland,Bangladesh
Zahur Ahmed Chowdhury Stadium,Bangladesh,Ireland,Ireland
Zayed Cricket Stadium,United Arab Emirates,Afghanistan,Afghanistan
Zayed Cricket Stadium,Afghanistan,United Arab Emirates,United Arab Emirates
Zayed Cricket Stadium,United Arab Emirates,Afghanistan,Afghanistan
St Albans Club,Argentina,Bermuda,Bermuda
Belgrano Athletic Club Ground,Bermuda,Argentina,Bermuda
St Albans Club,Cayman Islands,Bahamas,Cayman Islands
Belgrano Athletic Club Ground,Bermuda,Panama,Bermuda
Hurlingham Club Ground,Panama,Bahamas,Bahamas
Belgrano Athletic Club Ground,Bermuda,Argentina,Bermuda
Hurlingham Club Ground,Panama,Argentina,Panama
St Albans Club,Bermuda,Cayman Islands,Bermuda
St Albans Club,Argentina,Bahamas,Argentina
Hurlingham Club Ground,Cayman Islands,Panama,Cayman Islands
Hurlingham Club Ground,Bahamas,Bermuda,Bermuda
Belgrano Athletic Club Ground,Argentina,Cayman Islands,Cayman Islands
Mission Road Ground,Kuwait,Malaysia,Malaysia
Mission Road Ground,Hong Kong,Bahrain,Hong Kong
Mission Road Ground,Malaysia,Bahrain,Malaysia
Mission Road Ground,Hong Kong,Kuwait,Hong Kong
Mission Road Ground,Kuwait,Bahrain,Bahrain
Mission Road Ground,Malaysia,Hong Kong,Hong Kong
Mission Road Ground,Bahrain,Kuwait,Kuwait
Mission Road Ground,Hong Kong,Malaysia,Hong Kong
Sharjah Cricket Stadium,Pakistan,Afghanistan,Afghanistan
Sharjah Cricket Stadium,Pakistan,Afghanistan,Afghanistan
Sharjah Cricket Stadium,Pakistan,Afghanistan,Pakistan
Santarem Cricket Ground,Portugal,Gibraltar,Portugal
Santarem Cricket Ground,Gibraltar,Portugal,Portugal
Santarem Cricket Ground,Gibraltar,Portugal,Portugal
Europa Sports Complex,Gibraltar,Portugal,Portugal
Europa Sports Complex,Portugal,Malta,Portugal
Europa Sports Complex,Gibraltar,Malta,Gibraltar
Europa Sports Complex,Gibraltar,Portugal,Portugal
Europa Sports Complex,Portugal,Malta,Portugal
Europa Sports Complex,Gibraltar,Malta,Gibraltar
Europa Sports Complex,Malta,Gibraltar,Malta
Europa Sports Complex,Gibraltar,Portugal,Portugal
Europa Sports Complex,Malta,Portugal,Portugal
Svanholm Park,Norway,Denmark,Denmark
Svanholm Park,Denmark,Finland,Denmark
Svanholm Park,Denmark,Sweden,Sweden
Svanholm Park,Finland,Denmark,Denmark
Solvangs Park,Finland,Norway,Norway
Sylhet International Cricket Stadium,Afghanistan,Bangladesh,Bangladesh
Sylhet International Cricket Stadium,Afghanistan,Bangladesh,Bangladesh
Dubai International Cricket Stadium,New Zealand,United Arab Emirates,New Zealand
Dubai International Cricket Stadium,New Zealand,United Arab Emirates,United Arab Emirates
Dubai International Cricket Stadium,New Zealand,United Arab Emirates,New Zealand
Gymkhana Club Ground,Botswana,Uganda,Uganda
Gymkhana Club Ground,Rwanda,Kenya,Kenya
Gymkhana Club Ground,Kenya,Uganda,Kenya
Gymkhana Club Ground,Rwanda,Uganda,Uganda
Gymkhana Club Ground,Botswana,Rwanda,Rwanda
Gymkhana Club Ground,Botswana,Kenya,Kenya
Gymkhana Club Ground,Kenya,Uganda,Uganda
Gymkhana Club Ground,Rwanda,Kenya,Kenya
Gymkhana Club Ground,Uganda,Botswana,Uganda
Gymkhana Club Ground,Rwanda,Uganda,Uganda
Gymkhana Club Ground,Botswana,Kenya,Kenya
Gymkhana Club Ground,Rwanda,Botswana,Rwanda
Gymkhana Club Ground,Uganda,Rwanda,Uganda
Gymkhana Club Ground,Uganda,Kenya,Uganda
Gymkhana Club Ground,Botswana,Kenya,Botswana
Gymkhana Club Ground,Uganda,Kenya,Uganda
Bayer Uerdingen Cricket Ground,Belgium,Germany,Germany
Bayer Uerdingen Cricket Ground,Belgium,Germany,Germany
Scott Page Field,Hungary,Czech Republic,Czech Republic
Brian Lara Stadium,West Indies,India,West Indies
Providence Stadium,India,West Indies,West Indies
Providence Stadium,West Indies,India,India
Central Broward Regional Park Stadium Turf Ground,West Indies,India,India
Central Broward Regional Park Stadium Turf Ground,India,West Indies,West Indies
Sportpark Het Schootsveld,Austria,Germany,Germany
Sportpark Het Schootsveld,Austria,Germany,Germany
National Sports Academy,Serbia,Turkey,Serbia
National Sports Academy,Croatia,Bulgaria,Bulgaria
National Sports Academy,Bulgaria,Serbia,Serbia
National Sports Academy,Croatia,Turkey,Turkey
National Sports Academy,Croatia,Serbia,Serbia
National Sports Academy,Turkey,Bulgaria,Bulgaria
Grange Cricket Club Ground,Austria,Jersey,Jersey
Goldenacre,Ireland,Italy,Ireland
Goldenacre,Scotland,Germany,Scotland
Grange Cricket Club Ground,Denmark,Ireland,Ireland
Goldenacre,Austria,Germany,Germany
Grange Cricket Club Ground,Scotland,Jersey,Scotland
Grange Cricket Club Ground,Ireland,Austria,Ireland
Goldenacre,Italy,Jersey,Italy
Grange Cricket Club Ground,Denmark,Germany,Germany
Grange Cricket Club Ground,Scotland,Italy,Scotland
Goldenacre,Austria,Denmark,Denmark
Goldenacre,Jersey,Ireland,Ireland
Grange Cricket Club Ground,Italy,Denmark,Italy
Goldenacre,Scotland,Austria,Scotland
Grange Cricket Club Ground,Jersey,Germany,Jersey
Grange Cricket Club Ground,Scotland,Denmark,Scotland
Grange Cricket Club Ground,Germany,Italy,Italy
Goldenacre,Jersey,Denmark,Jersey
Grange Cricket Club Ground,Scotland,Ireland,Scotland
Amini Park,Japan,Philippines,Japan
Amini Park,Vanuatu,Papua New Guinea,Papua New Guinea
Amini Park,Japan,Vanuatu,Japan
Amini Park,Vanuatu,Philippines,Philippines
Amini Park,Japan,Papua New Guinea,Papua New Guinea
Amini Park,Papua New Guinea,Vanuatu,Papua New Guinea
Amini Park,Japan,Philippines,Japan
Amini Park,Japan,Vanuatu,Vanuatu
Amini Park,Papua New Guinea,Philippines,Papua New Guinea
Amini Park,Philippines,Vanuatu,Vanuatu
Amini Park,Japan,Papua New Guinea,Papua New Guinea
Bayuemas Oval,China,Malaysia,Malaysia
Bayuemas Oval,Bhutan,Myanmar,Bhutan
Bayuemas Oval,China,Thailand,Thailand
Bayuemas Oval,Malaysia,Bhutan,Malaysia
Bayuemas Oval,Thailand,Myanmar,Thailand
Bayuemas Oval,Bhutan,China,Bhutan
Bayuemas Oval,Malaysia,Myanmar,Malaysia
Bayuemas Oval,Bhutan,Thailand,Thailand
Bayuemas Oval,Myanmar,China,China
Bayuemas Oval,Thailand,Malaysia,Malaysia
Marsa Sports Club,France,Malta,France
Marsa Sports Club,Malta,France,Malta
Marsa Sports Club,Malta,Luxembourg,Malta
Marsa Sports Club,France,Luxembourg,France
Marsa Sports Club,Malta,Luxembourg,Luxembourg
Marsa Sports Club,Luxembourg,France,France
Marsa Sports Club,France,Malta,France
Marsa Sports Club,Luxembourg,Malta,Malta
Marsa Sports Club,Romania,Switzerland,Switzerland
Marsa Sports Club,France,Romania,France
Marsa Sports Club,Luxembourg,Switzerland,Switzerland
Marsa Sports Club,Malta,Romania,Malta
Marsa Sports Club,France,Switzerland,Switzerland
Marsa Sports Club,Romania,Luxembourg,Luxembourg
Marsa Sports Club,Malta,Switzerland,Switzerland
Marsa Sports Club,France,Luxembourg,Luxembourg
Marsa Sports Club,France,Malta,Malta
Marsa Sports Club,Luxembourg,Romania,Romania
Marsa Sports Club,Malta,Switzerland,Switzerland
Malahide,Ireland,India,India
Malahide,India,Ireland,India
Sportpark Het Schootsveld,Guernsey,Germany,Germany
Sportpark Het Schootsveld,Germany,Guernsey,Guernsey
Sportpark Het Schootsveld,Guernsey,Germany,Guernsey
GB Oval,Hungary,Croatia,Hungary
GB Oval,Croatia,Hungary,Hungary
Moara Vlasiei Cricket Ground,Romania,Malta,Malta
Moara Vlasiei Cricket Ground,Romania,Malta,Malta
Moara Vlasiei Cricket Ground,Malta,Romania,Romania
Moara Vlasiei Cricket Ground,Malta,Romania,Romania
Moara Vlasiei Cricket Ground,Romania,Malta,Romania
Gahanga International Cricket Stadium,Uganda,Rwanda,Uganda
Gahanga International Cricket Stadium,Tanzania,Uganda,Uganda
Gahanga International Cricket Stadium,Uganda,Tanzania,Tanzania
Gahanga International Cricket Stadium,Uganda,Rwanda,Uganda
Gahanga International Cricket Stadium,Rwanda,Tanzania,Tanzania
